"Lipid_Name","log2FC","Average_Expression","t_statistic","p_raw","p_adj_bh","B_statistic"
"CE(14:0)+NH4",-3.44991272657883,12.138527763924,-2.80056761968212,0.00986276109538548,0.131562188183088,-2.74796414709229
"CE(15:0)+NH4",0.280208532141126,14.0469492955677,0.27338084805636,0.786876771388016,0.917757924710466,-6.03943122865376
"CE(16:0)+NH4",-0.653834189310867,18.2310035258307,-0.999355117994137,0.327332206473342,0.652326926473112,-5.59374354011518
"CE(16:1)+NH4",-0.611157951763186,16.3693532894739,-0.95784344265235,0.34744244131746,0.67494066614196,-5.63225232236781
"CE(18:3)+NH4",-0.779562186401806,10.6192097491569,-0.547788132980436,0.588847639358009,0.824329818494535,-5.92907710167379
"CE(20:0)+NH4",-1.84429927146649,10.3009205589842,-1.26595990951593,0.217562143076004,0.538500133945688,-5.31137260852701
"CE(20:1)+NH4",-4.59581148812301,10.677458332408,-5.36688143225201,1.56959917600002e-05,0.0022625794807656,3.06753600133701
"CE(20:2)+NH4",0.669277683009305,10.0116424893881,0.529069402434124,0.601570139299377,0.831156550409078,-5.93890535523041
"CE(20:5)+NH4",1.41167659338345,9.51551263804782,0.840758669857916,0.408702153159018,0.703457392649277,-5.73252628274947
"CE(22:1)+NH4",-0.176775923007046,9.88639918716864,-0.14871843105738,0.883006389193918,0.956633320162107,-6.0653559835713
"CE(22:2)+NH4",2.30056694412097,8.93640614981648,1.42039163426569,0.168231959502915,0.492233136173628,-5.12151469582029
"CE(22:4)+NH4",-0.300675313031611,10.1063802627365,-0.227458964409104,0.821974841112605,0.934676223367354,-6.05075534671228
"CE(22:5)+NH4",0.0345389599385406,10.5324308777035,0.0289600980685003,0.977133583423533,0.989049846636015,-6.07585625673315
"CE(22:6)+NH4",1.68350683353365,11.4374730216571,1.41590877833975,0.16952665016129,0.492233136173628,-5.12728636144736
"CE(24:0)+NH4",1.57146822703381,9.19361059916072,1.16357715989666,0.255923899508035,0.577377544300014,-5.42675726834286
"CE 24:5 +NH4",-1.5666003504547,10.633353993556,-1.14255668386481,0.264385250842982,0.579905862779849,-5.44938160830545
"CE 24:6 +NH4",-0.839708355418253,11.184616933003,-0.476571668353543,0.637936066705615,0.846426717280807,-5.96468670170592
"Cer(d18:2/14:0)+H",-0.323265703459068,20.0637256650253,-0.30168648889106,0.765464690172678,0.911921547770203,-6.03142351628328
"Cer(d18:1/14:0)+H",-1.33885915152952,21.1712024397082,-1.13982658983723,0.265499069706437,0.579905862779849,-5.4522930299916
"Cer(d16:1/16:0)+H",0.949036215986467,21.8452847743611,0.774054768301689,0.446384343212827,0.734609199260931,-5.78423914427204
"CER(d18:0/14:0)+H",-0.220399317050916,18.0156766662503,-0.284754548471181,0.778219660565577,0.914041016419003,-6.03632760466237
"Cer(d17:1/16:0)+H",2.35712404180949,9.86649689655619,0.994497863245389,0.329807067250835,0.652326926473112,-5.59817498969874
"Cer(d18:2/16:0)+H",1.71163330719411,22.3079988728487,0.908148866797155,0.372742258258266,0.684123997343795,-5.67621172581834
"Cer(d18:1/16:0)+H",1.86871017212976,25.0975222283633,0.998385725839346,0.327957167937206,0.652326926473112,-5.59450798076525
"CER(d18:0/16:0)+H",-7.89096048178896,10.484764770667,-5.05677179894478,3.50457763150982e-05,0.00311996560098526,2.34240636192191
"Cer(d18:2/17:0)+H",0.413477431125585,18.8251805048661,0.865050701194135,0.395351655060809,0.699828640593422,-5.71284092786557
"Cer(d18:2/18:0)+H",-0.766082190884831,22.260858529552,-0.703941525502097,0.488178398752781,0.759385732823255,-5.83421312923191
"CER(d18:1/18:1)+H",0.570431477094427,19.7135539363687,0.462235662270398,0.648035366022873,0.850331009867117,-5.97126850765329
"Cer(d16:1/20:0)+H",0.37648071878208,9.49434394548548,0.229148279145434,0.820676469007747,0.934676223367354,-6.05037537770674
"CER(d18:0/18:1)+H",-1.00885628548576,14.428792486961,-0.86911760355584,0.393309084523859,0.69952830033172,-5.70932318399238
"CER(d18:0/18:0)+H",-2.1394733516768,11.933928469103,-1.15034552431186,0.261226400697207,0.579038935670069,-5.4410413141924
"Cer(d17:1/20:0)+H",-2.35961892002019,13.9330749086107,-1.92063251076438,0.0666192147610406,0.329275034564061,-4.3874927391182
"Cer(d19:1/18:0)+H",-0.812471293217719,10.0185999716693,-0.470142899901873,0.64245627086924,0.849406786441278,-5.96766260207997
"Cer(d18:2/20:0)+H",-3.09955121252546,9.1805869111581,-2.80556820010154,0.00974855218943369,0.131562188183088,-2.73768435045
"CER(d18:1/20:1)+H",3.41966224923362,11.6806404202652,2.39294249546721,0.0248073266078249,0.20425759204476,-3.55323749144721
"CER(d18:0/20:1)+H",-2.29964446152544,10.7254502164272,-1.54681509552082,0.134868030507984,0.473787292047254,-4.95254785067539
"Cer(d18:1/20:0)+H",2.11086790393968,8.88241550925444,1.30180499556316,0.205221705291802,0.521430659363864,-5.26897378666908
"Cer(d20:1/18:0)+H",0.346701511628968,10.3189381929142,0.269292108409281,0.78998439837862,0.917757924710466,-6.04052321738419
"CER(d18:0/20:0)+H",-0.812275616431046,11.2835899656774,-0.519270599477232,0.608282242896296,0.831956129667073,-5.94391723302229
"Cer(d17:1/22:0)+H",-1.72976474642503,10.355498084214,-1.16697657020609,0.254574522153693,0.577377544300014,-5.42306403629013
"Cer(d19:1/20:0)+ H",2.85999097709674,11.1413887299198,2.35837717490249,0.0267526882193255,0.20425759204476,-3.6182220739271
"CER(d18:0/22:1)+H",-1.93213209648046,11.0175534503865,-1.27143290825991,0.215642048077675,0.53694869971341,-5.30496532819468
"Cer(d16:1/24:1)+H",2.61521893729018,9.55349751122354,1.58231455532801,0.126542008549229,0.45886835138968,-4.90299538559143
"Cer(d18:2/22:0)+H",-0.724724487938655,9.87748194358627,-0.622607093543556,0.539357515484985,0.790990421457632,-5.88647963774419
"CER(d18:1/22:1)+H",0.128822649056405,16.0924492318819,0.248119255648156,0.806097416927961,0.929251188958621,-6.04593581529834
"Cer(d16:1/24:0)+H",-3.73789880682951,15.1878802269794,-2.3356382166437,0.0281077514077418,0.207886042589932,-3.66066132332671
"Cer(d18:1/22:0)+H",-0.20392927762591,17.6412581124118,-0.207649861150788,0.837237419671755,0.939085906313594,-6.05500199050814
"CER(d18:0/22:0)+H",-1.00168635798719,17.0017745178159,-1.38283026674031,0.179116356593634,0.495555253242388,-5.1694094060463
"Cer(d17:1/24:1)+H",0.194741582095359,11.1643892052751,0.16213387358566,0.872544657503684,0.954973951664917,-6.0632992438848
"Cer(d17:1/24:0)+H",-0.772060451087574,8.07586122247405,-0.391628310488298,0.698755262184846,0.885174509581187,-6.00079886703867
"Cer(d19:1/22:0)+H",1.9023785911096,9.6511793048233,1.18821429608428,0.246263285950046,0.568189061134688,-5.39977454235638
"Cer(d18:2/24:1)+H",-1.16494518180771,12.1351181525311,-0.599060705424169,0.554691593499631,0.804932619544811,-5.90045522665731
"Cer(d18:1/24:1)+H",-0.534768241121544,21.3418039415264,-0.769589618146873,0.448855552168712,0.735296266381639,-5.78768790584474
"Cer(d18:2/24:0)+H",-3.1547290342813,20.0744147255348,-1.25659969268829,0.220876229386396,0.544536446705076,-5.3222749688338
"Cer(d18:1/24:0)+H",1.95810428563118,19.5184481088709,0.580254522256872,0.567099539454079,0.816229972971477,-5.91124212521331
"Cer(d20:1/22:0)+H",1.15222977237121,14.1878849283609,0.787508335553698,0.438618953723555,0.726493034216177,-5.77413455744373
"CER(d18:0/24:1)+H",-0.746498400756568,19.158233577133,-0.520219405431708,0.607630768862579,0.831956129667073,-5.94343593998102
"CER(d18:0/24:0)+H",-2.43273481152875,18.7935237345252,-1.74854228725335,0.0930281449419963,0.376609266842894,-4.65920744868182
"Cer(d19:1/24:1)+H",1.64203972113535,10.2896955825552,0.899965435896455,0.376994740949194,0.690086666673755,-5.68326637884188
"Cer(d19:1/24:0)+H",-0.162763346508793,20.5303283935913,-0.207597240534787,0.837257314062722,0.939085906313594,-6.05502264977404
"Cer(d18:2/26:0)+H",-0.452143620327355,18.2582662780802,-0.411021107618976,0.684668886765588,0.872777574085143,-5.99316728006275
"Cer(d20:1/24:1)+H",0.017039750909273,13.206249705111,0.00616269650701691,0.995133360150383,0.997675743732661,-6.07625157082743
"CER(d18:1/26:1)+H",5.14612281959289,17.9433438037921,2.26907789991811,0.0324430384874173,0.224397682871303,-3.78343100287326
"CER(d18:0/26:1)+H",-0.17575591656442,14.9101709213453,-0.31796857750159,0.753186808357726,0.910291875812009,-6.02649442913008
"Cer(d18:1/26:0)+H",0.476680446629674,11.1618170132789,0.367963838963591,0.716094544370341,0.893026084548655,-6.00961828594225
"CER(d18:0/26:0)+H",5.50983905057392,13.1338411270192,8.38973919921107,1.09081957281844e-08,8.14842220895376e-06,9.4652804664517
"Cer(d19:1/26:0)+H",0.372369879642145,12.7139397938294,0.290008048660208,0.774276990562234,0.912569681245388,-6.03482220337625
"Cer(d20:1/26:0)+H",-1.15615067378338,9.56624409036909,-0.730964565236626,0.471809397337738,0.743547721120865,-5.81548793597541
"GlcCer(d18:0/18:0)+H",0.648355483340472,11.4945938520242,0.441096314014379,0.663053400758491,0.859897379108667,-5.9806136010675
"GlcCer(d18:0/20:0)+H",-1.61835167293039,10.5319451808374,-1.11604842522298,0.275345439311489,0.587573040558921,-5.47738700823855
"GlcCer(d18:0/22:0)+H",-2.07620811614996,12.9345660037389,-1.75014824734272,0.0927452758012821,0.376609266842894,-4.6567603754225
"GlcCer(d18:0/24:0)+H",1.5825683540701,12.7326631206133,1.0244963041128,0.315718976810854,0.639138416470753,-5.56954149982185
"GlcCer(d18:0/24:1)+H",1.08252578058533,13.3341236541929,1.11241013065682,0.276875114158956,0.587573040558921,-5.48118481553967
"GlcCer(d18:0/26:0)+H",1.1862227129454,10.5063852206747,0.744660012444136,0.46363769050447,0.739818603363227,-5.80574081937721
"GlcCer(d18:0/26:1)+H",-2.35460708249141,12.4766046096296,-1.88714649923056,0.071175096405353,0.329275034564061,-4.44183368072382
"GlcCer(d18:1/16:0)+H",-3.29844498842918,12.0395603732552,-3.51063107242028,0.00177605955388251,0.0414598902109448,-1.21610939587944
"GlcCer(d18:1/18:0)+H",2.57926599201527,11.1495807390271,1.44515159095358,0.161222626594082,0.48778904885531,-5.08936173111353
"GlcCer(d18:1/18:1)+H",-0.727364604098604,10.8579238767984,-0.517919986469193,0.609210177948981,0.831956129667073,-5.94460086696317
"GlcCer(d18:1/20:0)+H",2.30800533351058,11.8923951040285,2.3828394324557,0.0253620399753722,0.20425759204476,-3.57229020388662
"GlcCer(d18:1/20:1)+H",6.19018065816584,11.1785539606697,3.99867661411584,0.000520912157736992,0.0243200863643458,-0.106486640052746
"GlcCer(d18:1/22:0)+H",-0.622912957650607,10.0259024272614,-0.372160447162589,0.713007931929468,0.890663754433633,-6.00809386431793
"GlcCer(d18:1/22:1)+H",4.48675286405081,10.3566116753255,3.34996841644877,0.00264147506338616,0.0548106075652628,-1.57342806230103
"GlcCer(d18:1/24:0)+H",-2.63949452789243,11.059757087475,-1.58436630071872,0.126074076627484,0.45886835138968,-4.90010379320864
"GlcCer(d18:1/24:1)+H",-2.20940350169796,12.8939641777272,-1.89093073724099,0.0706469775565171,0.329275034564061,-4.43572741347181
"GlcCer(d18:1/26:0)+H",-4.10531149366057,10.0471586847082,-3.27910594097996,0.00314240967735392,0.0634427034860373,-1.72935243320209
"GlcCer(d18:1/26:1)+H",-0.473991393265335,11.248797443562,-0.315721961978477,0.754916458631569,0.910291875812009,-6.02716280448762
"LacCer(d18:0/18:0)+H",2.21297729123495,11.6187255522903,1.33631408771001,0.193858928249451,0.509629083776422,-5.22719276141636
"LacCer(d18:0/20:0)+H",-0.983370944382111,14.7390207116587,-0.724333926095149,0.47579585864093,0.746679635304149,-5.82014494490214
"LacCer(d18:0/22:0)+H",1.90754415263183,15.5622431197134,1.8692633648961,0.0737175842123393,0.329742726985733,-4.47056910396672
"LacCer(d18:0/24:0)+H",-1.47577636262714,13.7334859494568,-1.20028776710847,0.241629403967674,0.567057302902589,-5.38636915467559
"LacCer(d18:0/24:1)+H",-1.42035616894571,16.5956094705159,-1.28390085586328,0.21131638214165,0.529709186106754,-5.29027951486392
"LacCer(d18:0/26:0)+H",3.42285332708568,13.240646780811,1.74150396361077,0.0942765472583043,0.376609266842894,-4.66991182123262
"LacCer(d18:0/26:1)+H",-1.75666067400803,13.4343570205388,-2.00580806336523,0.0561218100738831,0.306007241789713,-4.2459532393879
"LacCer(d18:1/14:0)+H",1.93350189663058,10.7817697581531,1.02613596930035,0.314961224907803,0.639138416470753,-5.56795403397775
"LacCer(d18:1/16:0)+H",1.07576360249753,11.4604796600157,0.804397213053708,0.42898836983841,0.722546161172318,-5.76121644361827
"LacCer(d18:1/18:0)+H",3.42778768702114,10.8697744730973,1.94356495474715,0.0636482827475933,0.321251805489542,-4.34988123957364
"LacCer(d18:1/18:1)+H",1.28293551103877,12.6891009188968,0.851061504388869,0.403066218699739,0.70084128493074,-5.72418012091251
"LacCer(d18:1/20:0)+H",-1.84026186922279,12.7595074003613,-1.37670543128104,0.181189689821955,0.495782777644691,-5.17710563914886
"LacCer(d18:1/20:1)+H",-0.582416436280559,9.95990488130633,-0.315226498555299,0.755288007430288,0.910291875812009,-6.02731648174444
"LacCer(d18:1/22:0)+H",6.02467109251845,12.0627989738254,5.38314637761378,1.53181984214846e-05,0.0022625794807656,3.09067814506979
"LacCer(d18:1/22:1)+H",-1.26694019739974,14.6408465502655,-1.41627550260451,0.169402795777134,0.492233136173628,-5.12681321562777
"LacCer(d18:1/24:0)+H",-0.0645928153383188,14.608249272671,-0.120327490572327,0.905199108263116,0.962643764121206,-6.06912895418289
"LacCer(d18:1/24:1)+H",1.23382303993077,12.615795539668,0.825906967013148,0.416913707481983,0.70941808539645,-5.74438908857434
"LacCer(d18:1/26:0)+H",0.203884838276556,14.5302747206302,0.357091325552086,0.724062338974039,0.898462736235228,-6.01352729118074
"LacCer(d18:1/26:1)+H",2.13920634365917,14.2337704039342,3.07115081285257,0.00513726244834066,0.0816496818917122,-2.17229480530291
"SM(d18:1/14:0)+H",1.06579434220693,10.6421649056608,0.883308402198078,0.385748301928962,0.697930060323759,-5.69744181958638
"SM(d18:1/16:0)+H",-1.57550676155516,14.9993498062148,-0.920835981261064,0.366212147209453,0.683760508845689,-5.66515719002754
"SM(d18:1/18:0)+H",-2.32583978066336,15.3721049472475,-1.90524021042658,0.0686807381275322,0.329275034564061,-4.41255725815927
"SM(d18:1/18:1)+H",1.61311727988591,11.4087861399959,0.788710735633061,0.437928966991019,0.726493034216177,-5.77322343576551
"SM(d18:1/20:0)+H",9.5000841816465,13.1747092080267,3.94583533565395,0.000595569230011148,0.0261700126363722,-0.22792829260435
"SM(d18:1/20:1)+H",-1.26281159601379,15.1316338503709,-1.06160474831222,0.298880395129489,0.618458878564344,-5.53304928641151
"SM(d18:1/22:0)+H",-1.02019968278626,13.7235898206088,-0.467887439230783,0.644045486544968,0.850003495493094,-5.96869726838441
"SM(d18:1/22:1)+H",-7.08391712251463,12.4719144096912,-3.70927479825903,0.00108150425572508,0.0323153471610654,-0.768159791890594
"SM(d18:1/24:0)+H",0.631630772274736,19.4346323968087,0.427907964000398,0.672496777560338,0.866129470409608,-5.9862259255273
"SM(d18:1/26:0)+H",1.96555651378694,14.7247395509884,3.0128602702286,0.00591003304358658,0.0919748892408161,-2.29708794679331
"SM(d18:1/26:1)+H",-0.397990966223352,15.665634493235,-0.728998467520342,0.472872533587514,0.743654279136575,-5.81699687937218
"ACar 4:0",0.0322516465311331,16.6321125810204,0.0232378815576957,0.981650800350676,0.99207175367728,-6.07600371907782
"ACar 5:0",0.517249378685772,16.8278346367599,0.37694286716404,0.709496536479086,0.890663754433633,-6.00633582425752
"ACar 6:2",-0.942878088443333,11.760243748705,-1.93132374130641,0.0650189559212687,0.325967517269716,-4.36906293629304
"ACar 6:1",-0.492281115530298,11.7459923146051,-0.911334757754718,0.37094536631558,0.683760508845689,-5.67359935179247
"ACar 6:0",-0.39034563636725,12.0386797388524,-0.564250457932408,0.577682106031103,0.818345839687718,-5.92024490537373
"ACar 7:0",0.0184046229693031,12.0829991517645,0.0425858034779485,0.966374785324819,0.986177547319181,-6.07537557782357
"ACar 8:2",3.41131746160566,11.6819114485287,3.53993765193019,0.0016512828926179,0.039790590993083,-1.15041636602837
"ACar 8:1",-0.124429856148247,12.3215941856226,-0.221779719768798,0.826312408365972,0.934676223367354,-6.05202800555274
"ACar 8:0",-0.0964306681206608,13.3602583654739,-0.214108426348869,0.832223692516398,0.936251654080947,-6.05367446045348
"ACar 9:1",-1.91091456104075,11.8740382673851,-2.79900027059547,0.0098070239116987,0.131562188183088,-2.74579841959647
"ACar 9:0",-0.374233189729233,13.4712200798345,-0.316781216369576,0.754122324357771,0.910291875812009,-6.0268334543283
"ACar 10:2",-0.130734482222184,12.2122549201106,-0.264604952255391,0.793513699898184,0.918999587323943,-6.04177709759912
"ACar 10:1",-0.589402562586868,11.9541487072395,-0.924495952041933,0.364190299935161,0.683760508845689,-5.66209267411294
"ACar 10:0",0.888580321512709,14.9617997741804,1.20696397145795,0.238901564258088,0.564745153483518,-5.3790162862722
"ACar 11:1",-0.184716954112334,12.0086146163237,-0.232160792207239,0.818340877676179,0.934676223367354,-6.04970220272976
"ACar 11:0",2.71383325476827,11.8389590478249,3.70293497909988,0.00107621735686018,0.0323153471610654,-0.767581053138837
"ACar 12:3",-0.167734316383902,12.9587132253063,-0.417275946220581,0.680088428246875,0.871399752830902,-5.9906801385048
"ACar 12:2",1.21844914381042,9.94889101046478,0.696510137018955,0.492736387904811,0.759385732823255,-5.83924420801689
"ACar 12:1",1.24534071322953,11.9577293872848,0.99206897276264,0.33096640580095,0.652326926473112,-5.60045924315245
"ACar 12:0",-4.06280361513825,10.8523247725755,-2.55185746562806,0.0174316030761573,0.16482794301126,-3.24745752520895
"ACar 13:1",1.32851972635684,12.2366255294301,1.91917715026811,0.0666102902435292,0.329275034564061,-4.38896776889129
"ACar 13:0",-2.77361855548585,9.53462370630464,-1.39902089367018,0.174475436201002,0.493946643186734,-5.14889182833099
"ACar 14:3",1.56750049197714,12.3070233479616,2.04572004376859,0.0516292654101574,0.292174706525664,-4.17746735092549
"ACar 14:2",-0.797409256342005,12.2666080891212,-0.940728410516077,0.356074918653732,0.678540725087596,-5.64758910674804
"ACar 14:1",0.0644090257219538,13.0654913279157,0.138201727928776,0.891203746907184,0.959263975417387,-6.06685064882517
"ACar 14:0",0.538029475286148,12.8667048918091,0.629912328575289,0.53461560922883,0.788487898416639,-5.88206964754438
"ACar 15:3",0.36028645766795,10.433330032506,0.220836637126228,0.827069589887311,0.934676223367354,-6.05221787776855
"ACar 15:2",0.943730015890091,10.4350235018987,0.751389731803138,0.459653134129578,0.739818603363227,-5.80088807095772
"ACar 15:1",0.476964618595808,10.4295195313569,0.377597029816623,0.709016738164156,0.890663754433633,-6.00609362707335
"ACar 15:0",-0.935807060652118,10.1015755771934,-0.597040474247539,0.556017713099227,0.804932619544811,-5.90162999248963
"ACar 16:5",-0.17261641644331,12.0756937225342,-0.235642143228139,0.81565711020992,0.934676223367354,-6.04890643815042
"ACar 16:4",-2.93686549888713,11.6801193997881,-1.75065786225665,0.0926556671951872,0.376609266842894,-4.65598349427479
"ACar 16:3",0.987687469038391,11.0726780559152,0.753712156754935,0.458282807178684,0.739389323893038,-5.79920374040613
"ACar 16:2",-0.881731837291099,16.5170128805524,-1.17858818907959,0.249828506359791,0.570709156730164,-5.41048913839533
"ACar 16:1",2.1698142112754,9.47319780116917,1.36273436676346,0.185496001989508,0.498214614022107,-5.19457388072361
"ACar 17:3",2.8532291989938,10.5260076065634,1.96423747836513,0.061070434861642,0.316802880844768,-4.31570329578217
"ACar 17:1",-0.057173836438194,10.2847194836862,-0.0530315323999449,0.958141510602218,0.983620653219615,-6.07488191066823
"ACar 17:0",2.69497217450721,9.70547144483203,2.05778772421013,0.0505206383792913,0.290299360533312,-4.1578758281928
"ACar 18:5",-1.52410075303218,10.5139542101316,-1.31915369551913,0.199446510264905,0.517314385999598,-5.24808659425334
"ACar 18:3",1.01568053755726,9.52879409070952,0.742768603374553,0.464761234497065,0.739818603363227,-5.80709721122319
"ACar 18:1",0.276397974179487,10.4363922032826,0.141968521542675,0.888278493919997,0.958878663234447,-6.06632381887121
"ACar 18:0",5.77988448434216,12.0218062927067,3.58448652653651,0.00147784547962913,0.0367983524427653,-1.05028061473019
"ACar 19:5",1.55028851386293,11.3623341573887,1.43526496694016,0.163992838272646,0.48778904885531,-5.10225600743102
"ACar 19:4",-2.34447871378487,10.5265665911456,-2.13842260940059,0.0427629423159874,0.265830861833629,-4.01782328760022
"ACar 19:3",2.57993450404128,9.9369567792686,1.45893890122998,0.157422304101125,0.48778904885531,-5.07125722654569
"ACar 19:2",-2.22409517149211,10.8132672814561,-1.88506307378107,0.0714673191943774,0.329275034564061,-4.4451917029468
"ACar 19:1",-5.24278530841768,10.8546347707333,-6.41545811336662,1.13376084007385e-06,0.000282306449178388,5.42269943980083
"ACar 19:0",3.77763022857593,11.3386454772592,2.35761969737036,0.0267968460781613,0.20425759204476,-3.61963981081129
"ACar 20:6",0.22644093329165,10.3980580496715,0.205317758940818,0.839038682262526,0.939673006971675,-6.05547660045853
"ACar 20:5",-2.79489402824556,10.1823760910972,-2.18164276030171,0.0390609231477302,0.255951838520653,-3.94128485727044
"ACar 20:4",-5.14452797800156,10.0323431377156,-3.71002310490455,0.00107947499781735,0.0323153471610654,-0.766461345793744
"ACar 20:3",0.802136558630997,10.9013915664914,0.559008743450892,0.581285150206743,0.819283032461202,-5.92302616396265
"ACar 20:2",-0.901583400540558,11.4270060832745,-0.629116633382622,0.535158453142217,0.788487898416639,-5.88252407098342
"ACar 20:1",-2.87466004127434,9.65170803228816,-1.43580088640271,0.163841703776164,0.48778904885531,-5.10155894589302
"ACar 20:0",1.32558521975399,11.2804990432821,0.652753433328179,0.52005979386941,0.778437651227989,-5.86782716185682
"ACar 21:5",2.64509579070706,12.3030395401973,1.18730183647686,0.246616167395659,0.568189061134688,-5.40078279637902
"ACar 21:4",-1.83454956593212,10.197281507929,-1.12401153319158,0.272018864603944,0.585698246047107,-5.46903598502451
"ACar 21:3",-3.19472717896272,10.7140306548387,-1.96040602565663,0.0615411642695395,0.317043101443765,-4.32205725427721
"ACar 21:1",-3.32510430390446,13.9763837314295,-2.66922917224856,0.0133562409633474,0.152085383049136,-3.0147137780516
"ACar 22:7",1.8112705569899,11.4904732017522,1.45722122351589,0.157891794677991,0.48778904885531,-5.07352054204982
"ACar 22:6",-0.102587746903827,9.48874898635786,-0.0636263174896765,0.94978967163518,0.977262926599834,-6.074271787354
"ACar 22:5",1.54005792642012,10.7713248047185,1.35923882983096,0.186585920202832,0.498214614022107,-5.19892073657442
"ACar 22:4",-0.659239261792893,10.1023642639501,-0.480940430499647,0.634872428304446,0.846426717280807,-5.96264177240854
"ACar 22:0",-2.53288106195071,9.61304705840552,-1.64748059293269,0.112365895988858,0.428470383027868,-4.80969985720275
"ACar 23:6",-2.2335288585911,10.6829020291856,-1.72166264669053,0.0978728888979406,0.388473928252987,-4.69990972762918
"ACar 23:5",-0.511468961259173,9.00907177970134,-0.340126800076834,0.736691486990886,0.905112731549658,-6.01929722696161
"ACar 23:4",2.03543926419982,11.0921829950589,2.38719976233524,0.0250759153186788,0.20425759204476,-3.56321975762385
"ACar 23:3",3.37882997592494,9.92633226079963,2.25125505727432,0.0337030156107737,0.230973877626128,-3.81592840460802
"ACar 23:2",-0.322731958636968,10.8798240468808,-0.156428861426517,0.876990804340205,0.954973951664917,-6.06419553610881
"ACar 23:1",-1.27695574597424,15.3907478679072,-1.03418792750436,0.311258551079389,0.637014075770695,-5.56012482426749
"ACar 24:6",-0.88312743592328,12.5464075380646,-1.36473443177763,0.184665360798638,0.498214614022107,-5.19210580315008
"ACar 24:5",0.597397294823487,11.0125627683319,0.345327506772571,0.732827564816064,0.903336948708911,-6.01754613792416
"ACar 24:3",1.35828647436155,8.90014847596368,0.796526017818485,0.433460433294608,0.723621466178826,-5.76726930688658
"ACar 24:2",7.45006389846667,12.3097711733859,7.72863204730085,5.41152271531352e-08,2.0212037341696e-05,8.0892322685466
"ACar 24:0",2.2347438550055,10.6725608332694,1.3345216260175,0.194436799031165,0.509629083776422,-5.22938600818204
"ACar 25:6",-2.33546697345545,10.5666808196662,-1.43327381040817,0.164555341782514,0.48778904885531,-5.10484396878908
"ACar 25:5",-1.18666141305241,14.521644646527,-0.911825290689322,0.370842140957228,0.683760508845689,-5.67302306003129
"ACar 25:4",-6.09974343581311,11.253775574271,-4.42705044733296,0.00017489971214109,0.0118772804517631,0.884141995565918
"ACar 25:3",3.78415806292608,12.1273839474693,3.66737332868025,0.00120130848125464,0.0332362013147116,-0.863142341325347
"ACar 25:2",0.566154934655604,9.33242150054717,0.329530911439199,0.744585654018405,0.908832489463642,-6.0227834697225
"ACar 25:1",0.14417106319577,15.6788365278766,0.300057737222269,0.766648904952728,0.911921547770203,-6.0319337061678
"ACar 26:7",0.695191455074708,10.0673132540437,0.443492900935192,0.661343386151137,0.859171320791129,-5.97957574245652
"ACar 25:0",1.01702976072476,9.93292805519259,0.828676999231141,0.415374346947699,0.70841241362998,-5.74219162676437
"ACar 26:6",-0.517170465726643,8.47189939711533,-0.271226497712011,0.78851372901879,0.917757924710466,-6.04000863362715
"ACar 26:5",0.0294044813545575,19.8859503825839,0.035670583811647,0.971834856994028,0.987011642280337,-6.07564234261247
"ACar 26:4",-0.150900223821029,16.4408481550814,-0.314843508428868,0.755530070955081,0.910291875812009,-6.02746598709694
"ACar 26:3",-1.31660930934759,11.5090708213066,-0.832330015703748,0.413349759619223,0.706572701225537,-5.73928309993949
"ACar 26:2",1.7471425777588,9.42663894854497,0.993895832118319,0.330094163074264,0.652326926473112,-5.59874164843179
"ACar 26:1",2.92127140409633,10.7838575844514,2.36964007186063,0.0261039353233615,0.20425759204476,-3.59710947420558
"ACar 26:0",0.858262488503716,12.3610750237966,0.525214266667452,0.604206639969679,0.831956129667073,-5.94088808975846
"PE(P-16:0_14:0)+H",0.696527108276513,11.6845890569706,0.457871524326199,0.65112361130387,0.850331009867117,-5.97323295586911
"PE(P-16:0_15:0)+H",-1.68166092634613,13.4030057444767,-1.54180048896871,0.136079658789942,0.473787292047254,-4.95947428335772
"PE(P-16:0_16:0)+H",-2.92374837009782,13.0290327089301,-1.65957936838154,0.10988592281017,0.427524918433318,-4.79205131437011
"PE(P-16:0_16:1)+H",1.28759561257598,12.8083095200027,0.760339676601325,0.454385712646296,0.736802981849133,-5.79436996110009
"PE(P-16:0_17:0)+H",-0.132943857140154,12.3955236523119,-0.0892417051434101,0.929623235848277,0.965825531541952,-6.07233901570978
"PE(P-16:0_18:0)+H",-3.96565040361305,11.9383345912376,-3.20788558122929,0.00373797696594596,0.0681041169161373,-1.88491203649029
"PE(P-16:0_18:1)+H",-0.63176648578265,10.6394946154789,-0.493440567164533,0.626143369876365,0.841239383628858,-5.95668972462371
"PE(P-16:0_18:2)+H",-0.228824347669626,10.9528039820063,-0.170587269537753,0.865964488342592,0.954973951664917,-6.06191227694404
"PE(P-16:0_18:3)+H",1.23442738331766,12.3874164101855,0.840946969545651,0.408598702555999,0.703457392649277,-5.73237460135098
"PE(P-16:0_19:0)+H",2.93406410524135,10.68701781341,1.850066320916,0.0765343235678146,0.338290767486139,-4.50119219390693
"PE(P-16:0_20:0)+H",0.861936088817867,12.7604133783438,0.87366550684478,0.390875655650823,0.697930060323759,-5.70553501520409
"PE(P-16:0_20:1)+H",-0.261387751226376,11.9966649927965,-0.164222136858712,0.870918250663995,0.954973951664917,-6.06296315710883
"PE(P-16:0_20:2)+H",1.60374126767441,12.3354748443044,1.13342048376587,0.268126096493675,0.582238936281324,-5.45910019318385
"PE(P-16:0_20:3)+H",-3.45001043843221,10.6903640447814,-2.57803756758469,0.0164329365098739,0.162654627251778,-3.19602986909469
"PE(P-16:0_20:4)+H",1.52205240048869,10.8043886420714,0.910301590984471,0.371628870938889,0.683760508845689,-5.67434606194387
"PE(P-16:0_20:5)+H",-3.00612880851969,12.762674476886,-2.82351722080856,0.00934883869415873,0.131562188183088,-2.70071445844488
"PE(P-16:0_22:4)+H",-0.613917579928717,11.1036141689241,-0.408400996387601,0.68656540346663,0.873704184650039,-5.99421960596866
"PE(P-16:0_22:5)+H",-1.15304221891684,9.84419629427103,-0.65022200939701,0.521665583477123,0.778437651227989,-5.86942614560619
"PE(P-16:1_14:0)+H",-3.59747223576491,12.0469284969585,-2.60934960802908,0.0153086547577529,0.156651576767691,-3.13414909792509
"PE(P-16:1_15:0)+H",0.72763740025586,10.3589158317465,0.633920841987605,0.532070706634591,0.787043203675325,-5.87957926881674
"PE(P-16:1_16:0)+H",-3.19601253991724,12.111716559795,-2.34142947387336,0.0277567962992233,0.207855307247628,-3.64987640080367
"PE(P-16:1_16:1)+H",-2.80782397584008,12.8155896139429,-1.63046447097342,0.115933015038909,0.431087552783724,-4.83434911103694
"PE(P-16:1_17:0)+H",2.30797080056221,10.956375331861,1.45356638117194,0.158894518148121,0.48778904885531,-5.07832901691601
"PE(P-16:1_18:0)+H",2.42425457032732,12.5945347095286,1.88009133450844,0.0721688828882451,0.329275034564061,-4.45319411428889
"PE(P-16:1_18:1)+H",0.724749960588465,10.6127883013315,0.597084960102232,0.555988494009619,0.804932619544811,-5.90160416535847
"PE(P-16:1_18:2)+H",-2.91520285679789,12.7273447923107,-2.20116946271678,0.0374852059023893,0.2500129357954,-3.90637745726539
"PE(P-16:1_18:3)+H",-2.32531682368372,13.2692209894804,-2.19485010663436,0.037988748308911,0.251129159174837,-3.9176964904395
"PE(P-16:1_19:0)+H",2.28464212989443,10.1429801600767,1.45008418296075,0.159854633953438,0.48778904885531,-5.08290102090264
"PE(P-16:1_20:0)+H",-1.28963095002685,14.3639467383748,-1.28681700868427,0.210314326949342,0.529709186106754,-5.28682671331202
"PE(P-16:1_20:1)+H",1.58726796735491,10.8726166053852,0.932940376924505,0.360053088231525,0.683204362257922,-5.65447766983781
"PE(P-16:1_20:2)+H",1.60335309891878,9.91326364148048,1.14031644982769,0.265298965040949,0.579905862779849,-5.45177109208088
"PE(P-16:1_20:3)+H",1.92781348953079,10.5884028889435,1.49747115341205,0.147182969869859,0.48778904885531,-5.01990628133501
"PE(P-16:1_20:4)+H",-3.86071677141921,11.0603493821441,-4.61383441850781,0.000106900514121163,0.00798546840485089,1.32944779484012
"PE(P-16:1_20:5)+H",1.94796677828735,9.70930655956087,2.05227042373383,0.0510946858273472,0.291356719946782,-4.16732495997442
"PE(P-16:1_22:4)+H",-4.14226795594204,11.8186844685212,-2.78564031171074,0.0102112638015685,0.13382129929424,-2.77859821365823
"PE(P-16:1_22:5)+H",1.90578000807474,12.6765532946692,1.51535468444001,0.142617956896879,0.483125445245638,-4.99569979045806
"PE(P-16:1_22:6)+H",1.28486081243024,12.7192891884685,0.803555571009561,0.429465188166679,0.722546161172318,-5.76186634430967
"PE(P-18:0_14:0)+H",-3.61130526546821,11.557934773583,-2.56341330250293,0.0169840173033986,0.162654627251778,-3.22479277723126
"PE(P-18:0_15:0)+H",-3.2972794416828,12.7141200234498,-2.66151971653715,0.0135938192220656,0.152085383049136,-3.03017024231792
"PE(P-18:0_16:0)+H",1.66422363083062,11.9245722286602,1.00866911026963,0.32309873514809,0.650230937157363,-5.58474557025997
"PE(P-18:0_16:1)+H",2.49842054329559,11.2476001767736,2.245252684153,0.0341372567291361,0.231823007060588,-3.82683640802188
"PE(P-18:0_17:0)+H",0.499472086622117,10.238487484562,0.318065186830531,0.753160088545627,0.910291875812009,-6.02643276788498
"PE(P-18:0_18:0)+H",0.307729267495752,10.5013252090563,0.222506583060801,0.825784112712825,0.934676223367354,-6.0518531293492
"PE(P-18:0_18:1)+H",0.666401286548879,13.2391423911678,0.62156149974578,0.540033621075491,0.790990421457632,-5.88711129264861
"PE(P-18:0_18:2)+H",2.70008710038282,10.6157275023187,2.09597681677343,0.0467023168194369,0.279093045312955,-4.09199861496496
"PE(P-18:0_18:3)+H",-2.13480813673877,10.6209496122127,-1.47997116916368,0.15176430667983,0.48778904885531,-5.04336496282953
"PE(P-18:0_19:0)+H",0.577216958877576,12.7820801728837,0.417441255558355,0.680030732188453,0.871399752830902,-5.99056070166132
"PE(P-18:0_20:0)+H",-4.0532374824926,12.6530184358174,-2.40663318407484,0.0240734372701144,0.202054580233432,-3.52734287299851
"PE(P-18:0_20:1)+H",2.1467371787162,11.7846348356757,1.24215414878592,0.226066112788063,0.550069662060858,-5.33896205420059
"PE(P-18:0_20:2)+H",-0.32458122869893,11.5058534126062,-0.270570345796064,0.789012495952866,0.917757924710466,-6.04018359248348
"PE(P-18:0_20:3)+H",5.74395915136613,11.8844211429375,5.31554114879626,1.81733291627759e-05,0.0022625794807656,2.93635032833149
"PE(P-18:0_20:4)+H",-1.88588336081651,10.1029791645893,-1.30261736105746,0.204948423915761,0.521430659363864,-5.26800104250047
"PE(P-18:0_20:5)+H",-3.66256787578818,10.7287708856856,-2.1138264068662,0.0450077418173493,0.273453222780729,-4.06092717695883
"PE(P-18:0_22:4)+H",-1.10683201491964,11.4181451409013,-1.0647968443248,0.29746222556791,0.617234118053414,-5.52985515579436
"PE(P-18:0_22:5)+H",2.14998043628558,12.3604812131255,1.90564401295496,0.0686259523113507,0.329275034564061,-4.41190157657329
"PE(P-18:0_22:6)+H",-4.20101223599052,12.5579301332803,-2.6393599854611,0.014298964656815,0.152085383049136,-3.07446818463061
"PE(P-18:1_14:0)+H",-0.876687458528552,11.6438783650745,-0.710659374724855,0.484078933113254,0.754920590888519,-5.8296211155651
"PE(P-18:1_15:0)+H",-2.75894457776917,11.9878499984862,-1.77581508837101,0.0883230667191811,0.372753281577561,-4.6174190411109
"PE(P-18:1_16:0)+H",-1.92547137549117,15.0124518942501,-1.74149381666989,0.0942783572953429,0.376609266842894,-4.6699272295875
"PE(P-18:1_16:1)+H",2.98524970171807,10.9020210609481,2.28868909839505,0.0311062840883971,0.221298992514597,-3.74748721404151
"PE(P-18:1_17:0)+H",-2.22790608748866,12.8561249115164,-1.31451625638786,0.200977771846119,0.517691019203624,-5.25369318548824
"PE(P-18:1_18:0)+H",-3.09879708485978,12.3556535132717,-2.08194594960531,0.0480741612339239,0.28233852444746,-4.11629781507882
"PE(P-18:1_18:1)+H",1.49591701882086,14.5602166516558,1.99214177316294,0.0575591454061516,0.307772364365486,-4.26814596533555
"PE(P-18:1_18:2)+H",4.26762164230958,11.0057841720262,3.17930855250041,0.00400639748306743,0.0712566409488422,-1.94698585383648
"PE(P-18:1_18:3)+H",1.14554877378749,10.4800275578323,0.918561395480957,0.367377274960005,0.683760508845689,-5.66714956872496
"PE(P-18:1_19:0)+H",2.80805921195185,12.0521371303029,1.64720326879689,0.112423286577593,0.428470383027868,-4.81010320082056
"PE(P-18:1_20:0)+H",0.176644300775662,11.6822447994503,0.117696472497729,0.90727819638147,0.962643764121206,-6.06943321203573
"PE(P-18:1_20:1)+H",-3.42071039679717,12.5191120729356,-2.08803141663489,0.0474748059855423,0.281457778342858,-4.10577232603463
"PE(P-18:1_20:2)+H",-0.394033304311192,11.6913618728501,-0.217394003406768,0.829721182979498,0.934844228786856,-6.05296118036027
"PE(P-18:1_20:3)+H",0.704242429168987,12.7128809295174,0.667011242561132,0.511066289142091,0.774410370577969,-5.85870941935187
"PE(P-18:1_20:4)+H",-0.179346647662836,11.9408065839088,-0.126276546053076,0.900554821411378,0.962643764121206,-6.06840038346793
"PE(P-18:1_20:5)+H",1.54592480292264,10.565290867103,1.27843033901185,0.213206063592178,0.532658627101528,-5.2967384509555
"PE(P-18:1_22:4)+H",0.292716149229383,11.9580585721075,0.175959602848632,0.861787730073435,0.954096511754419,-6.06099429226504
"PE(P-18:1_22:5)+H",-2.92066288886839,13.4474529982929,-1.95202571226313,0.0625819005847605,0.320196436553535,-4.33592416299476
"PE(P-18:1_22:6)+H",0.392813915284338,12.8571057255462,0.199736806122965,0.843352905456233,0.943090749065578,-6.05659070377718
"PE(P-20:0_14:0)+H",2.2169653027378,9.96163342508021,1.89584563075055,0.0699661670635202,0.329275034564061,-4.42778343173884
"PE(P-20:0_15:0)+H",-0.646663993314775,11.4606506359931,-0.389487961567246,0.700316842957856,0.885174509581187,-6.00161886013279
"PE(P-20:0_16:0)+H",-1.83893145541889,12.1767083119698,-1.33200808135943,0.195249400746444,0.509969588662915,-5.23245732543527
"PE(P-20:0_16:1)+H",-1.9761144986028,13.3037967312186,-1.51982173967814,0.141495884755794,0.483125445245638,-4.98961667024463
"PE(P-20:0_17:0)+H",0.843410587264099,11.49679510136,0.524178055881618,0.604916236660748,0.831956129667073,-5.94141860935153
"PE(P-20:0_18:0)+H",-1.17232738351088,10.90145590016,-0.732923985733605,0.470635113370753,0.743265179044296,-5.81410398816754
"PE(P-20:0_18:1)+H",6.33462769357845,11.8557832275338,4.18191003797036,0.00032692629908783,0.0177396108153842,0.316197641674772
"PE(P-20:0_18:2)+H",-1.61620021480627,10.848949117602,-0.950574252640387,0.351204886674561,0.676686968467191,-5.63868843600932
"PE(P-20:0_18:3)+H",3.77870902030166,9.90999001377318,2.81896713048768,0.00944867152977676,0.131562188183088,-2.71009691726983
"PE(P-20:0_19:0)+H",-1.20370868912511,10.7688579320834,-0.626779822327277,0.536663825661425,0.789149365687174,-5.88394862524134
"PE(P-20:0_20:0)+H",-3.21327345067297,9.8708025762879,-2.62387467274133,0.014811910086612,0.153673567148599,-3.10530849296574
"PE(P-20:0_20:1)+H",1.31349054196485,10.519242392536,0.915164125110734,0.369122049747506,0.683760508845689,-5.67011681390398
"PE(P-20:0_20:2)+H",0.511204889470543,10.5330945110785,0.301187217112957,0.765840780069237,0.911921547770203,-6.03157153958113
"PE(P-20:0_20:3)+H",-1.54078774554618,13.6321244755605,-1.48979271112905,0.149179100876702,0.48778904885531,-5.03022715222317
"PE(P-20:0_20:4)+H",-3.99299402845325,12.0007667104848,-2.96805601870111,0.00665155146240286,0.101402223314591,-2.39909504523616
"PE(P-20:0_20:5)+H",-3.31008651812699,11.8098019742012,-2.15881598834438,0.0409785291401038,0.259414925997098,-3.98183419760901
"PE(P-20:0_22:4)+H",0.302983935363843,12.8344927316096,0.290777301091782,0.773695562355621,0.912569681245388,-6.03460243054259
"PE(P-20:0_22:5)+H",-3.52190497384527,12.653576540701,-2.63705763391995,0.0143741616324081,0.152085383049136,-3.07905954980825
"PE(P-20:0_22:6)+H",-0.709423977836432,11.8740906494987,-0.578048900021267,0.568563981603869,0.816454865405817,-5.9124853493889
"PE(P-20:1_14:0)+H",-0.646864945124916,14.0190393950872,-0.53147581532332,0.599927211522192,0.831156550409078,-5.93766053947699
"PE(P-20:1_15:0)+H",1.9481764667068,10.055999490745,1.41424826752663,0.170008231770811,0.492233136173628,-5.12942038162774
"PE(P-20:1_16:0)+H",-1.44604149017624,13.4391402825373,-1.19890444814054,0.24215700083792,0.567057302902589,-5.38791114365182
"PE(P-20:1_16:1)+H",0.951676810404967,12.5872177054354,0.799225755645632,0.431923342078754,0.723621466178826,-5.76519958102681
"PE(P-20:1_17:0)+H",-0.711044305833241,10.9206507467116,-0.543888786284664,0.591486991583762,0.824329818494535,-5.93115191743404
"PE(P-20:1_18:0)+H",-4.82444409267793,11.9766439678334,-3.79812013634468,0.000864967091022987,0.0307681150949605,-0.566005092772276
"PE(P-20:1_18:1)+H",-2.10491440703598,12.5516909980196,-1.87048632584966,0.073541232010033,0.329742726985733,-4.46861037385269
"PE(P-20:1_18:2)+H",-3.20413330385015,12.908768116932,-2.7087077913941,0.0121995570621859,0.152085383049136,-2.93520599883945
"PE(P-20:1_19:0)+H",2.37111825684889,11.1095459949775,1.74633545052756,0.0934180506275304,0.376609266842894,-4.66256730798318
"PE(P-20:1_20:0)+H",-1.32479384928666,10.916316440231,-0.85640973103372,0.400160196092814,0.70084128493074,-5.71980997776326
"PE(P-20:1_20:1)+H",4.25809858807705,12.4475256868228,3.82468359273907,0.000808946401681525,0.030214148102805,-0.505379061183361
"PE(P-20:1_20:2)+H",-1.96403090781156,10.9768313453458,-1.20246626557235,0.240800270178169,0.567057302902589,-5.3839375992078
"PE(P-20:1_20:3)+H",-2.49736716658192,12.9479221286394,-2.06093009097102,0.0501962630360864,0.290299360533312,-4.15248633233489
"PE(P-20:1_22:4)+H",-0.0869134590463307,12.4124800113418,-0.0829541754853577,0.934569357038735,0.969615707927688,-6.0728733820305
"PE(P-20:1_22:5)+H",-0.740393791799599,12.0108093632108,-0.479000540985899,0.63623197937362,0.846426717280807,-5.96355205339976
"PE(P-20:1_22:6)+H",-1.75331495220058,10.824680398687,-1.19681838030887,0.24295425361335,0.567146335778663,-5.39023352255484
"LPC(15:0)+AcO",-1.86338249078606,13.2249734233767,-1.36153623618462,0.185869017570385,0.498214614022107,-5.1960648784447
"LPC(16:0)+AcO",0.344104197852518,9.82671960030328,0.181792587206833,0.857257486244573,0.952933544977226,-6.05996545555968
"LPC(16:1)+AcO",-0.932646729104302,20.710810328691,-1.1834834166336,0.247964704056102,0.568189061134688,-5.40507751270921
"LPC(18:2)+AcO",-0.274111594246211,16.9694668316561,-0.448887532421195,0.657434244021522,0.855580801888636,-5.97727829134181
"LPC(18:3)+AcO",-0.696421820168847,16.3676604686829,-1.37882093147023,0.180334316324195,0.495782777644691,-5.17445994581001
"LPC(19:0)+AcO",-0.0597577858256777,18.3401076113702,-0.127984161175319,0.899199902986784,0.962643764121206,-6.0681915281282
"LPC(20:0)+AcO",2.30454291858045,10.2925601688132,2.67960545862599,0.0130114446268848,0.152085383049136,-2.99255540581422
"LPC(20:4)+AcO",0.0629817102900141,16.5565530357392,0.0935823100329075,0.926197442573282,0.965825531541952,-6.07195023785183
"LPC(20:5)+AcO",-0.726906052527523,11.3731100248204,-0.640638920929869,0.527769018920006,0.78222908161358,-5.87542506673303
"LPC(22:5)+AcO",-1.00064863679453,9.83551366498386,-0.646258263632854,0.524185391802777,0.778462202140506,-5.8719178289659
"LPC(22:6)+AcO",-0.941597714972476,13.4660300875323,-0.841489930141815,0.408300496387548,0.703457392649277,-5.73193705046958
"LPG(14:0)-H",-2.08136065805005,9.54119393617668,-2.29514166413368,0.0306774971063259,0.22034702248486,-3.73561779722017
"LPG(16:0)-H",2.02760099877139,9.42256485399514,1.62194288096285,0.117754662032721,0.433313953391342,-4.84661727026185
"LPG(17:0)-H",-0.0603761328865513,9.74688826179307,-0.0406880770273568,0.96787791724837,0.986363989337698,-6.07545299634516
"LPG(18:1)-H",1.95217307859809,9.6591531992245,1.54157257089396,0.136134939817005,0.473787292047254,-4.95978866217894
"LPG(18:2)-H",-2.97604340924218,9.29109844949828,-2.44921723696785,0.0219166950668919,0.192609073117273,-3.4462463296025
"LPI(14:0)-H",0.917416137988956,9.47184079212436,0.74931300074177,0.460880554174642,0.739818603363227,-5.80239002146957
"LPI(18:3)-H",0.335885852432337,8.38634668269419,0.248261594280254,0.80602360909106,0.929251188958621,-6.0458814180268
"LPI(19:0)-H",-2.63349508266466,9.37266568569596,-1.76985434433397,0.089333640737796,0.372805752129238,-4.62659422446708
"LPI(22:5)-H",-0.747796953774566,9.91013620439701,-0.652184347733976,0.520420552822305,0.778437651227989,-5.86818714871502
"LPS(14:0)-H",-0.805195809399624,10.3298321207697,-0.79877332710121,0.432180697174562,0.723621466178826,-5.7655468927656
"LPS(15:0)-H",0.401870490065196,9.93917319235552,0.389485295822249,0.700318788704795,0.885174509581187,-6.00161987864623
"PC(14:0_16:0)+AcO",-0.330276438242571,21.14650325953,-0.159426796147125,0.874653868391223,0.954973951664917,-6.06372853586227
"PC(14:0_16:1)+AcO",-2.56359298175929,15.3857926890235,-0.711882933144625,0.483334416539265,0.754920590888519,-5.82878025305907
"PC(14:0_17:0)+AcO",0.74287629866868,14.9267589785823,0.324034616022819,0.748691839672346,0.910291875812009,-6.02454880357998
"PC(14:0_18:1)+AcO",2.11269292614375,12.846899287264,1.39787154378521,0.174816363983994,0.493946643186734,-5.15035431780777
"PC(14:0_18:3)+AcO",-0.304705107354183,16.0457862604124,-0.651125216589887,0.520989783404562,0.778437651227989,-5.86896323903384
"PC(14:0_20:2)+AcO",-0.494178915565552,18.182891039644,-1.17393021367054,0.251640425586079,0.573095725343906,-5.41560262938909
"PC(14:0_20:3)+AcO",-1.05569772822493,21.4570794837445,-1.29729875667303,0.206631669392898,0.523233413683033,-5.27439734640445
"PC(14:0_22:5)+AcO",0.00160446360688127,17.3966622079258,0.00389894459837232,0.996920482237475,0.997675743732661,-6.07626282120242
"PC(15:0_16:0)+AcO",-0.89876223555909,10.8916411055043,-0.873529375804371,0.390948353377066,0.697930060323759,-5.70564867396649
"PC(15:0_17:0)+AcO",0.124470952568112,9.26900792488232,0.114999420596297,0.909393099772809,0.962643764121206,-6.06974288199649
"PC(15:0_18:1)+AcO",0.151964834441227,9.34914002938777,0.100045933828985,0.921130885357552,0.965825531541952,-6.07132970976424
"PC(15:0_18:3)+AcO",-0.927429475775877,17.3693176607474,-2.02769705689334,0.0535316790441925,0.298419136164267,-4.20796973470442
"PC(15:0_20:3)+AcO",1.95771842971847,9.8877074713437,1.51511305209117,0.142678858486576,0.483125445245638,-4.99602842211911
"PC(15:0_22:6)+AcO",0.116294403007188,10.1821839329103,0.0914197565838107,0.927910522471594,0.965825531541952,-6.07214481267161
"PC(16:0_16:0)+AcO",-2.70020074294995,9.92007101557363,-1.62363053232003,0.11739201176083,0.433313953391342,-4.84419167743871
"PC(16:0_16:1)+AcO",-3.55651593682252,13.8972150542314,-2.10326343391935,0.0460037765081472,0.277135653641822,-4.07933593087647
"PC(16:0_17:0)+AcO",1.43327854404213,9.51724831059335,1.11755471286085,0.274713937079226,0.587573040558921,-5.47581142499587
"PC(16:0_18:0)+AcO",-0.812439653250276,9.69024095901806,-0.528515338909219,0.601948719908047,0.831156550409078,-5.93919118649179
"PC(16:0_18:1)+AcO",0.584587687521182,24.2276100973562,0.372342113137064,0.712874428569563,0.890663754433633,-6.00802748826404
"PC(16:0_18:2)+AcO",-0.0584501459079334,10.0243108646976,-0.0336740523979488,0.97341288483311,0.987011642280337,-6.07571049144332
"PC(16:0_18:3)+AcO",1.27839769159471,14.2112457120795,0.762314260538908,0.453228472528714,0.736802981849133,-5.79292201740583
"PC(16:0_19:0)+AcO",0.21269528881084,12.2602660677311,0.0911573403181193,0.928116855178385,0.965825531541952,-6.07216845858859
"PC(16:0_20:2)+AcO",-0.263559762672116,11.9938738680885,-0.185175930693264,0.854632057597975,0.951430919561382,-6.05935336326553
"PC(16:0_20:4)+AcO",-0.116727429789769,10.2828654726368,-0.0905926094907519,0.928560909237243,0.965825531541952,-6.0722191152222
"PC(16:0_20:5)+AcO",-1.38874737917302,14.5146643691279,-1.21153097748919,0.23737311565538,0.564745153483518,-5.37377823246579
"PC(16:1_16:1)+AcO",-5.05825738098957,11.1527252247011,-3.36182398299555,0.00256560709496953,0.0547573857126355,-1.54723556961197
"PC(16:1_18:1)+AcO",2.15639113767424,13.8677714836765,1.30208992106784,0.205125823748381,0.521430659363864,-5.26863267021254
"PC(16:1_18:3)+AcO",0.020368052835984,18.2186039612049,0.0466288916104036,0.963184716135992,0.984450244566926,-6.07519762764888
"PC(16:1_19:0)+AcO",-0.211773859491529,9.99457225949891,-0.157346777712575,0.876275152460619,0.954973951664917,-6.06405348822155
"PC(16:1_20:0)+AcO",-0.813346728468622,10.916402864731,-0.697763179251703,0.491966147581332,0.759385732823255,-5.83839948034838
"PC(16:1_20:1)+AcO",0.054548518544717,20.4174503202683,0.0502375148529348,0.960344880821994,0.984057100101549,-6.07502434843794
"PC(16:1_20:5)+AcO",-2.85175511411319,10.3369373059899,-2.68351157873415,0.0129263734424216,0.152085383049136,-2.98601861983979
"PC(16:1_22:4)+AcO",-5.49986794288858,12.8511120739426,-3.21160662468374,0.00370432915002329,0.0681041169161373,-1.87681451137011
"PC(16:1_22:5)+AcO",-0.431070634938301,21.0352798598493,-0.543887893880165,0.591431529498182,0.824329818494535,-5.93120725952333
"PC(16:1_22:6)+AcO",-2.39515429840298,9.54928971033945,-1.45153168455379,0.159454962363522,0.48778904885531,-5.08100160889675
"PC(17:0_18:0)+AcO",-2.40698812156147,9.76793227638327,-1.71940934786275,0.0982885842567797,0.388473928252987,-4.70329976682421
"PC(17:0_18:3)+AcO",-1.18428766680237,17.037219609691,-2.50698869247305,0.0191466277176732,0.176574455618541,-3.33151743523332
"PC(17:0_19:0)+AcO",-1.33364416005171,9.28574450790537,-0.805077986819578,0.428602928183374,0.722546161172318,-5.76069029203755
"PC(17:0_20:0)+AcO",2.04988690246032,11.6099591527032,1.39751052998841,0.174923559280305,0.493946643186734,-5.15081348058362
"PC(17:0_20:3)+AcO",-0.598163215825764,18.8830690529107,-1.02913206328328,0.313410295860519,0.637926958092955,-5.56519768467947
"PC(17:0_20:4)+AcO",0.233648701386851,16.4820271976711,0.576594351514999,0.569441746822531,0.816454865405817,-5.91339203516038
"PC(17:0_20:5)+AcO",-0.0576891658985268,18.122721078131,-0.112956237406964,0.910980118725779,0.962643764121206,-6.06997688273138
"PC(17:0_22:4)+AcO",0.915638445074725,10.4051625730254,0.671330108129012,0.508359176294553,0.774410370577969,-5.85591013668454
"PC(18:0_18:0)+AcO",0.409377420850964,15.9335308241752,0.773932483347965,0.446330151548586,0.734609199260931,-5.78446265135472
"PC(18:0_18:1)+AcO",-1.83335404855041,10.652050119858,-0.898348703220912,0.377838616692859,0.690086666673755,-5.68465307012859
"PC(18:0_18:2)+AcO",-1.36052637120544,16.5010882096189,-1.41067778963641,0.17104743258048,0.492897054474789,-5.13400189464204
"PC(18:0_20:0)+AcO",0.688415930389855,18.23015305707,0.850249918881621,0.403429387577267,0.70084128493074,-5.72492290192661
"PC(18:0_22:5)+AcO",1.83047324762935,9.30816229298349,1.12388536908148,0.272071340533261,0.585698246047107,-5.46916870980386
"PC(18:1_18:2)+AcO",1.98870084912327,7.96311238478182,1.07150774159217,0.294496345651329,0.61278208969789,-5.52311166690656
"PC(18:1_18:3)+AcO",-0.286023765660493,10.2286917580805,-0.234968918576862,0.816206868093776,0.934676223367354,-6.04904473791536
"PC(18:1_20:0)+AcO",-0.4092216818966,19.656449955459,-0.570853803859232,0.573266525732167,0.818345839687718,-5.91659691375769
"PC(18:1_20:3)+AcO",-0.192071449690506,22.4145190331564,-0.11163485876222,0.912032388906084,0.962643764121206,-6.07011914217997
"PC(18:1_22:4)+AcO",-0.792965419180646,18.4614163615925,-1.08793137984006,0.287148426508235,0.601867012742613,-5.5065902244926
"PC(18:1_22:5)+AcO",0.348169077318424,20.4435639631952,0.320954585490792,0.750996201546524,0.910291875812009,-6.02552520289161
"PC(18:1_22:6)+AcO",0.783201317652061,20.784502842801,0.509594244391844,0.614945076952911,0.834270257580814,-5.94877664847683
"PC(18:2_18:2)+AcO",1.22114203366748,22.5340040882866,0.701993823416137,0.489370666223124,0.759385732823255,-5.83553667818189
"PC(18:2_18:3)+AcO",-0.89763471961097,21.5363257569341,-1.97268157760227,0.059847685932508,0.312891412276403,-4.30061339750982
"PC(18:2_20:2)+AcO",1.40874146145204,10.9417241101972,1.40893261687446,0.171557207715455,0.492897054474789,-5.13623770104473
"PC(18:2_20:4)+AcO",-0.186525183579207,21.542172204597,-0.120912747227735,0.904757056965077,0.962643764121206,-6.06905455304134
"PC(18:2_20:5)+AcO",-0.286210467364096,20.296524354108,-0.67611754906482,0.505260589197637,0.773421434693924,-5.85289941705342
"PC(18:2_22:4)+AcO",0.245219927872995,9.52743115908001,0.170184855976091,0.86627750943967,0.954973951664917,-6.06197989551458
"PC(18:2_22:5)+AcO",-0.0611397718406188,20.0160218833094,-0.144283558083664,0.886449688477594,0.958289315908485,-6.06600372137414
"PC(18:2_22:6)+AcO",-0.615530729525108,21.1698748820765,-0.741356375713948,0.465548301532335,0.739818603363227,-5.80816387271061
"PC(18:3_19:0)+AcO",-3.21144718882429,9.06577352670748,-2.47831504990487,0.0205472142752689,0.18492492847742,-3.39036040248212
"PC(18:3_20:0)+AcO",-2.63873259154261,13.0326341327449,-1.88861878431558,0.0709692206547388,0.329275034564061,-4.43945905212752
"PC(18:3_20:1)+AcO",-0.759440936840168,17.3696413780765,-1.76550348945838,0.089865093529787,0.372940138148616,-4.63274802416182
"PC(18:3_20:5)+AcO",-2.37987377488188,9.08378034449337,-1.48272383335452,0.151036124619531,0.48778904885531,-5.03969007718879
"PC(18:3_22:4)+AcO",4.03874538552111,10.0904378567107,2.53052140253697,0.0182869894773703,0.170754764244945,-3.28915625791552
"PC(18:3_22:5)+AcO",-1.11612470594802,17.0052090455388,-1.5099538834673,0.143771622308014,0.483125445245638,-5.00292141674014
"PC(19:0_20:4)+AcO",1.52096159455228,9.8279822614278,1.57201507204353,0.12891271745572,0.464833963132412,-4.91746531853202
"PC(19:0_22:5)+AcO",0.0234464371837255,9.53916415526713,0.0157885615616319,0.987532336650045,0.994186867220463,-6.0761472496153
"PC(20:0_20:0)+AcO",-2.4667735639652,10.0581471158824,-1.87613502264808,0.0727314333374431,0.329275034564061,-4.45955108213227
"PC(20:0_20:1)+AcO",3.57789855809637,13.3767467756994,3.68094639625744,0.00116114077116108,0.0332362013147116,-0.832401443775046
"PC(20:0_20:2)+AcO",-0.874853335675473,15.2187958986084,-0.963387139018924,0.344868333547796,0.672628316345179,-5.627044523609
"PC(20:1_20:2)+AcO",0.131813022786876,19.5176429613772,0.364531235977623,0.718569903525629,0.89328183563222,-6.0108930398596
"PC(20:1_20:3)+AcO",0.566332656227713,11.4267062231091,0.305284254970754,0.762756318762911,0.911921547770203,-6.03034966518325
"PC(20:1_22:5)+AcO",2.82206411235899,11.3563666487012,1.45399541826987,0.158776545082899,0.48778904885531,-5.07776507587881
"PC(20:2_20:3)+AcO",-1.18650686965307,19.6109365687522,-1.16383536653908,0.255821220798345,0.577377544300014,-5.42647707993041
"PC(20:2_20:4)+AcO",-0.0949644314546845,20.2232036042707,-0.235580092985679,0.815704725996645,0.934676223367354,-6.04892083036219
"PC(20:2_22:4)+AcO",-1.6618359548152,9.71216227096797,-1.18403352829276,0.247883231122222,0.568189061134688,-5.40438860670819
"PC(20:2_22:5)+AcO",-1.90757760130723,9.12349199629016,-1.16063462884798,0.257096179194051,0.577377544300014,-5.42994640203382
"PC(20:3_20:5)+AcO",0.495426432786321,18.3068114412961,0.852297470287937,0.402254007756446,0.70084128493074,-5.72331686783913
"PC(20:3_22:4)+AcO",-0.631150732649562,15.2957211743164,-1.11561371092605,0.275345371828069,0.587573040558921,-5.47797966120305
"PC(20:3_22:5)+AcO",-0.800360287147672,17.5384381041372,-1.03624442578582,0.310183794577138,0.636558501508578,-5.55823383526675
"PC(20:4_20:4)+AcO",0.556620794144031,19.4016024021788,0.795389989915836,0.433979139020233,0.723621466178826,-5.76827436844907
"PE(14:0_16:0)-H",-2.12580937288659,11.4792303953054,-1.15224958829483,0.260458421454114,0.579038935670069,-5.43899476191929
"PE(14:0_16:1)-H",-2.9953352574098,12.7477666994098,-2.41184648204072,0.0237992738609506,0.202023381524205,-3.51745950069696
"PE(14:0_17:0)-H",1.80442356140299,9.94657655715927,1.51479495252346,0.142759065397825,0.483125445245638,-4.99646098758762
"PE(14:0_18:1)-H",-0.0455595360655128,9.90145819957824,-0.0353354537725223,0.972101691865077,0.987011642280337,-6.07565388873899
"PE(14:0_20:3)-H",0.724280613271237,8.85828065706451,0.493467159163917,0.626124858844103,0.841239383628858,-5.9566769031948
"PE(15:0_16:1)-H",-1.21174996022512,10.5035164967186,-0.815426040621093,0.42277045066855,0.717748924203198,-5.75264080048075
"PE(15:0_20:1)-H",0.0349329761572896,16.1768674925528,0.0755849313571576,0.94035941213422,0.972278114722491,-6.07345191729949
"PE(15:0_20:2)-H",-0.374546969692489,16.2617363451443,-0.717226439202279,0.479976028423848,0.751660572814706,-5.82521325654471
"PE(15:0_20:3)-H",0.410929212080193,10.0894067926235,0.415051317194466,0.68175582197339,0.872040409270758,-5.99153566633237
"PE(15:0_22:4)-H",-0.413380273568144,18.7608166807327,-1.01267883525619,0.32105091751192,0.648175771301093,-5.58106554357879
"PE(15:0_22:5)-H",-0.881578326070368,19.8758560134781,-1.31554583016945,0.200431627333863,0.517691019203624,-5.25250711627107
"PE(16:0_16:0)-H",-0.763646134350068,20.5361600498874,-1.80430321957569,0.0834172733675202,0.360930608639274,-4.57263407919147
"PE(16:0_16:1)-H",-2.20237669189384,10.7286097022269,-1.11340367340925,0.276456781999386,0.587573040558921,-5.48014881763398
"PE(16:0_20:3)-H",1.2212176695394,14.10233636576,0.914258008546331,0.369588338170181,0.683760508845689,-5.67090650809505
"PE(16:0_20:5)-H",-1.77173653910168,14.6221173790466,-1.51321055931916,0.143159108598423,0.483125445245638,-4.99861440774527
"PE(16:0_22:4)-H",-3.92671337934347,9.47116219005528,-3.13434980458447,0.004466661517423,0.0760623288574652,-2.04422490359984
"PE(16:0_22:5)-H",-0.228660902305098,10.1095792326563,-0.147944059623469,0.88361094724647,0.956633320162107,-6.0654692949749
"PE(17:0_18:0)-H",0.23665922600941,9.73637167880644,0.179916706742808,0.858713869788932,0.953134116987121,-6.06029997773473
"PE(17:0_19:0)-H",1.70287387531005,12.099513893962,1.28404718399145,0.211266013257272,0.529709186106754,-5.29010642007579
"PE(17:0_20:0)-H",-0.0626467790445187,9.92701352476931,-0.0464093579882406,0.963364295553444,0.984450244566926,-6.07520699420089
"PE(17:0_20:1)-H",-0.352940099936696,17.4293484206826,-0.861270129453884,0.397389825252008,0.70084128493074,-5.71596164867874
"PE(17:0_20:2)-H",-0.24526605099957,15.5151199165992,-0.477411974548263,0.637274606499532,0.846426717280807,-5.96436037429129
"PE(17:0_22:6)-H",-0.749467225014513,15.9667250764851,-1.78803776300325,0.0860702787114959,0.369508610330388,-4.59795528753602
"PE(18:0_18:1)-H",3.37215026953387,9.55631680123991,2.28055282800935,0.0316546631129588,0.223075786277172,-3.7624229923485
"PE(18:0_18:2)-H",-4.82912400786087,9.12224548719667,-4.13467005611724,0.000368712406506801,0.0183618778440387,0.207024692797164
"PE(18:0_20:1)-H",-0.0615147758865486,15.8247271702026,-0.103138550680862,0.918687501565967,0.965825531541952,-6.07102310151803
"PE(18:0_20:2)-H",-0.504329045090122,8.51107354638274,-0.292211591485579,0.772611835515389,0.912569681245388,-6.03419111530564
"PE(18:0_20:3)-H",-1.93330803110138,13.7807255629353,-1.37805343124754,0.180778399354289,0.495782777644691,-5.17541222603536
"PE(18:2_20:0)-H",1.56211834022786,8.82739420371364,0.915697547435969,0.36884773203367,0.683760508845689,-5.66965158827413
"PE(18:2_20:3)-H",1.19184057551752,14.6409733245545,1.14477888585124,0.263481171359978,0.579905862779849,-5.4470072244794
"PE(18:2_20:4)-H",-2.36646321651549,14.6168852366887,-1.20902738113723,0.238315986388487,0.564745153483518,-5.37659087597024
"PE(18:2_20:5)-H",-0.305891939921565,9.35058777326432,-0.193699499615371,0.848025530464265,0.946898462267274,-6.0577614556507
"PE(18:2_22:5)-H",0.317594791644824,12.2463496254275,0.266650595571978,0.791993960524522,0.918663802036985,-6.04121999751779
"PE(18:2_22:6)-H",0.983397582873318,12.6063867525281,0.597638629221091,0.555624901071695,0.804932619544811,-5.90128256584763
"PE(19:0_20:4)-H",0.226211286044682,12.233455561757,0.1124302519907,0.911408358196472,0.962643764121206,-6.07003120029305
"PE(19:0_20:5)-H",-1.23400892740988,10.777037763046,-1.23622528959795,0.228222768333491,0.553514311510122,-5.34576212114701
"PE(19:0_22:5)-H",1.7552936192739,10.1872077697528,0.859064238747346,0.398722820589416,0.70084128493074,-5.71763138916737
"PE(20:0_22:5)-H",-1.83838837215042,9.98341006512017,-1.9853075264582,0.0585380076024133,0.310126891340445,-4.28060472196866
"PE(20:0_22:6)-H",5.25951711589896,11.6459227289069,5.02923535686854,3.75899469998224e-05,0.00311996560098526,2.27894147248885
"PE(20:1_20:2)-H",-2.89175258271246,12.5819667617509,-2.27493139639581,0.032038672715882,0.22367185531555,-3.77272286038385
"PE(20:1_20:3)-H",-0.871570216897045,19.5038619509972,-1.20778633465443,0.238590008811525,0.564745153483518,-5.37809443757251
"PE(20:1_20:4)-H",0.0012574731258681,18.7420656472465,0.00294271273481744,0.997675743732661,0.997675743732661,-6.07626604902805
"PE(20:1_20:5)-H",4.10743716241377,10.9965489919826,2.32584243732175,0.0287106424570608,0.210263234464945,-3.67886666869708
"PE(20:1_22:5)-H",-0.565393949987897,15.1543559121392,-0.956997053011948,0.347860985896459,0.67494066614196,-5.63302180370732
"PE(20:1_22:6)-H",-0.327142476922432,16.7077379166929,-0.605328035513557,0.550493867106199,0.803161950641271,-5.89688250425724
"PE(20:2_20:2)-H",-0.41238894835525,16.1039253397117,-0.73488958204717,0.46934089329034,0.742791625609924,-5.81283714410426
"PE(20:2_20:3)-H",-0.620110053311773,17.5951177170324,-1.36817153476937,0.183601118192207,0.498214614022107,-5.18781443416324
"PE(20:2_20:4)-H",-0.0753402635309683,16.9276951667988,-0.162123154047658,0.872530464476285,0.954973951664917,-6.06330950246353
"PE(20:2_20:5)-H",-1.4094380667296,10.2899169770808,-0.834525419114621,0.412136008510686,0.706113757700648,-5.73752932843172
"PE(20:3_20:5)-H",-0.484773748317124,15.5415857237311,-0.923231581405451,0.364835680411224,0.683760508845689,-5.66320476050709
"PE(20:4_20:5)-H",0.59907709065169,9.82528878201888,0.47361215233668,0.640015202454907,0.847679709634425,-5.96606159592317
"PE(20:5_20:5)-H",-1.50485960244377,13.7622519988816,-1.41827055461062,0.168843560785077,0.492233136173628,-5.12424748653578
"PE(22:4_22:5)-H",1.3700325176465,9.01527565542918,0.865347039454997,0.3953339650268,0.699828640593422,-5.71244983150439
"PE(22:4_22:6)-H",1.21707451159266,10.6740570957434,0.661495685778823,0.514535108958803,0.778052077717056,-5.86225906297523
"PE(22:5_22:5)-H",-0.0939957281423851,17.3810028428762,-0.231209445258377,0.819060458254558,0.934676223367354,-6.04992508612257
"PE(22:5_22:6)-H",-0.318348819833343,19.0093104391669,-0.841427438847176,0.40819733058609,0.703457392649277,-5.73213042770267
"PE(22:6_22:6)-H",-0.259407281279536,9.1878707356307,-0.148071807082275,0.883511208797392,0.956633320162107,-6.06545064274655
"PE(O-16:0_16:1)-H",4.23449196168832,10.7399744047123,3.23850797965145,0.0034696233389056,0.0664566316451918,-1.81817361561083
"PE(O-16:0_18:1)-H",-1.41767588674923,9.87182613161961,-0.88075402745903,0.387102254808772,0.697930060323759,-5.69959376914823
"PE(O-18:0_16:0)-H",0.0829940048130666,18.88930943425,0.123905124663305,0.902395199040824,0.962643764121206,-6.06869812109393
"PE(O-18:0_16:1)-H",-0.713103108391064,19.7688843080149,-1.65049803387971,0.111526478101644,0.428470383027868,-4.80499457671851
"PE(O-18:0_18:0)-H",3.19839246192538,10.2142741738227,2.88172904618351,0.00815671797014993,0.12186136647404,-2.580059139919
"PE(O-18:0_18:1)-H",0.0513191461356115,18.1837478273077,0.074720378275433,0.941040263647069,0.972278114722491,-6.07351601568677
"PE(O-18:0_18:3)-H",-1.78918778000445,11.6448447861241,-1.09727838847605,0.283303066684644,0.59951102213436,-5.49686040924702
"PE(O-18:0_20:2)-H",0.0306750295305616,11.1709319330433,0.0201314971079279,0.984103305856579,0.99207175367728,-6.07607023194098
"PE(O-18:0_20:3)-H",0.0444120730929782,16.0965785986983,0.0938244972547613,0.926007026150377,0.965825531541952,-6.07192785271856
"PE(O-18:0_20:4)-H",2.63055816930018,13.7563379112656,2.56876502763289,0.0167803813275588,0.162654627251778,-3.2142773647821
"PE(O-18:0_22:6)-H",-0.258661146814879,12.6933639142229,-0.19050541624145,0.850499928611225,0.948243950257589,-6.05836636495551
"PG(14:0_14:0)-H",0.758312412304182,10.3004347595323,0.739893879711209,0.466471970795288,0.739818603363227,-5.80915247342419
"PG(14:0_16:0)-H",-2.71368241395949,10.3484140662011,-1.89163127699834,0.0705495874140032,0.329275034564061,-4.43459604196034
"PG(14:0_17:0)-H",0.662612036232229,9.15320376481037,0.485744838704697,0.631510947517842,0.845409816838402,-5.96037181246773
"PG(14:0_18:0)-H",-1.18440351688751,9.95211195460098,-0.874428318398382,0.390468454741973,0.697930060323759,-5.70489782067924
"PG(14:0_18:1)-H",0.324130810409292,10.1484341305457,0.256453370540837,0.799765291468646,0.924805994933558,-6.04384577621411
"PG(14:0_19:0)-H",0.428377066715559,9.80549481647012,0.307790013833823,0.760871822138767,0.911921547770203,-6.02959429328776
"PG(14:0_20:2)-H",-2.31751961915745,13.2489368062622,-1.43359134485654,0.164465534662334,0.48778904885531,-5.10443146148543
"PG(14:0_20:5)-H",2.37076467134519,10.5849068502309,1.78410005864838,0.0869347225797853,0.371087072954855,-4.60462752600204
"PG(14:0_22:5)-H",0.117392059828436,9.15964123890626,0.0755088459383615,0.940429725782894,0.972278114722491,-6.07345571240827
"PG(14:0_22:6)-H",0.399485301389308,9.32931311299831,0.274730897695231,0.785851461610714,0.917757924710466,-6.03906707760559
"PG(15:0_16:0)-H",1.84290838869153,9.57608839953833,1.54198192590034,0.136035664828522,0.473787292047254,-4.95922399135193
"PG(15:0_17:0)-H",-0.484551421871087,14.2676340880241,-0.876780199647488,0.389070878805233,0.697930060323759,-5.7030771321757
"PG(15:0_18:2)-H",0.537516362045125,9.10597548856139,0.345586879611222,0.732635048206343,0.903336948708911,-6.017458118004
"PG(15:0_18:3)-H",-0.54808959448884,14.1882177908156,-0.567343770844588,0.575698920338994,0.818345839687718,-5.91845405444635
"PG(15:0_19:0)-H",2.04396703393046,12.0832803668687,2.14228345173692,0.0424198549074297,0.265830861833629,-4.01102722339279
"PG(15:0_20:0)-H",0.190269058240235,15.2687741480162,0.462631195568767,0.647686628845284,0.850331009867117,-5.97115168966049
"PG(15:0_20:1)-H",1.90538413043638,13.1721352780094,1.3854695539992,0.178528817251365,0.495555253242388,-5.16607071393123
"PG(15:0_20:2)-H",-2.27050003975638,13.0888430948975,-1.78080338101531,0.0874849017569907,0.371313759161773,-4.60972279216946
"PG(15:0_20:3)-H",0.565132947341239,10.7049250103567,0.411296114873158,0.684469950309602,0.872777574085143,-5.99305644321176
"PG(15:0_22:5)-H",-0.766846555264738,11.2131283534402,-0.461764914576539,0.648368178394657,0.850331009867117,-5.97148128758959
"PG(16:0_16:0)-H",3.13149350272769,12.2775465720047,2.23994955493387,0.0345251311063158,0.23234480122899,-3.83645831237116
"PG(16:0_16:1)-H",-0.454550368196013,18.0608545654722,-0.972516121547481,0.340240796421142,0.66533998671883,-5.61881307447193
"PG(16:0_18:0)-H",-0.147797048778243,9.84054890388281,-0.0930333377105578,0.926641909420774,0.965825531541952,-6.07199792254416
"PG(16:0_18:1)-H",-1.0620102467494,11.174737868801,-0.877692170815648,0.388729254205528,0.697930060323759,-5.70216557339071
"PG(16:0_18:3)-H",-0.712504687578761,11.4720845057545,-0.535855531760208,0.596942603363777,0.828840380506955,-5.93538080824359
"PG(16:0_19:0)-H",2.88374320980444,10.3350639975254,2.58306250802122,0.0162474660569439,0.162654627251778,-3.18612637375735
"PG(16:0_20:0)-H",0.880300561435075,8.30688284750847,0.522466336815358,0.606089290298768,0.831956129667073,-5.94229273510516
"PG(16:0_20:3)-H",-0.639015632922753,16.7890503889199,-1.50630635750466,0.144696893274956,0.483125445245638,-5.00786553007051
"PG(16:0_20:4)-H",0.577191736170649,14.0333200048513,0.507359249381809,0.616488865039638,0.834270257580814,-5.9498863485397
"PG(16:0_22:4)-H",3.31940783875691,10.4741246678254,2.16182714879091,0.0407208080927499,0.259414925997098,-3.9765012028354
"PG(16:0_22:5)-H",-0.608172177567315,15.9126075038066,-1.39134527028937,0.176551209813732,0.493946643186734,-5.15864187668447
"PG(16:1_16:1)-H",-0.126116850188083,20.2274519479549,-0.273327596154147,0.786878389449831,0.917757924710466,-6.03946916658474
"PG(16:1_18:2)-H",-0.471627693545397,20.3960226968154,-1.04936874588715,0.304188186722759,0.625974037140223,-5.54536105316788
"PG(16:1_20:0)-H",-3.36159921890233,17.0791020619278,-2.03040559504949,0.0534270615704086,0.298419136164267,-4.20459973815884
"PG(16:1_20:1)-H",1.10551128080754,13.8887443116416,0.882809709966634,0.38601239324575,0.697930060323759,-5.69786240356442
"PG(17:0_20:0)-H",2.41531247091467,10.1805628647984,1.99261531544892,0.0576815676186988,0.307772364365486,-4.26836978960394
"PG(17:0_20:2)-H",-0.592164791556726,9.98272774289256,-0.495600442298946,0.624640669735474,0.841239383628858,-5.95564612926639
"PG(17:0_22:6)-H",-0.56193799146255,17.4787396741409,-1.44202831244454,0.161879861398793,0.48778904885531,-5.09340025366116
"PG(18:0_18:0)-H",4.70230377788497,10.7882916308977,3.60132640216632,0.00141703573834291,0.0365008860876605,-1.01234502827256
"PG(18:0_18:1)-H",2.4272553977026,12.7860203706216,1.94514555215817,0.0634478631760909,0.321251805489542,-4.34727713257761
"PG(18:0_18:2)-H",-2.65697720601113,9.5370077130856,-1.85324650263039,0.076061352805332,0.338201372295137,-4.49613526043382
"PG(18:0_19:0)-H",1.64094308359437,11.3544993798825,0.931724845212449,0.36066844612833,0.683204362257922,-5.65555595735018
"PG(18:0_20:0)-H",-6.38927731272599,9.42701919254828,-5.06817260374504,3.40438497273336e-05,0.00311996560098526,2.36866941893024
"PG(18:0_20:4)-H",0.439290221291889,9.98538729111963,0.3418404515262,0.735417523048541,0.905036062137167,-6.01872314242782
"PG(18:0_22:4)-H",-0.517571901858103,10.7821986053545,-0.380821510068728,0.706653525681831,0.890168943818428,-6.00489373479864
"PG(18:1_18:2)-H",-0.401531675518193,20.9011653269302,-0.942775951699944,0.354944288598432,0.678540725087596,-5.6458565250108
"PG(18:1_18:3)-H",-0.562785333237613,16.9177496007853,-1.26497932623374,0.217706881461309,0.538500133945688,-5.31260386252959
"PG(18:1_19:0)-H",0.0811747757244277,10.1067227953923,0.0524473265662502,0.958602189483106,0.983620653219615,-6.07491233037615
"PG(18:1_20:3)-H",-0.909328118323007,19.4682011318331,-1.43866007987621,0.162823610624294,0.48778904885531,-5.09779673704367
"PG(18:1_20:4)-H",-0.43264304198258,18.0799600331554,-1.00680479443065,0.323809783965916,0.650230937157363,-5.5866738785686
"PG(18:1_22:4)-H",-0.0978357881878722,17.2250169270154,-0.221187940585518,0.826768049774806,0.934676223367354,-6.05215707082259
"PG(18:1_22:5)-H",-0.330511967064936,19.0339976087835,-0.772005178151808,0.447449828964056,0.734609199260931,-5.7858961046012
"PG(18:1_22:6)-H",0.545074563527564,21.0400084349871,0.545017186831194,0.590722616758002,0.824329818494535,-5.93055298831078
"PG(18:2_20:1)-H",3.16361190377116,14.8157379896495,3.37424365831221,0.00248839885592312,0.0546715866286638,-1.51976539162429
"PG(18:2_20:3)-H",-0.688004049616882,18.5984758370073,-1.66766436511955,0.108038244288489,0.422537007767022,-4.77985909716265
"PG(18:2_22:4)-H",-1.42040011432778,9.63096443408178,-0.852231688633215,0.402429238994054,0.70084128493074,-5.72322613597304
"PG(18:2_22:6)-H",-0.157577028952939,20.890443279457,-0.350799138230776,0.728719296981568,0.902741815663733,-6.01571322826452
"PG(18:3_20:0)-H",-1.87485301638225,9.72959352667046,-1.47697400940866,0.152560394902111,0.48778904885531,-5.0473598498883
"PG(18:3_20:2)-H",0.915950745644709,12.9391666413194,0.75489364223353,0.457586617343488,0.739389323893038,-5.79834497360409
"PG(18:3_20:3)-H",-1.37818003535668,14.3855945208325,-1.24682060557553,0.224379560932307,0.549546006611258,-5.33358990310639
"PG(19:0_19:0)-H",4.41862428481626,12.151313001768,2.01934550236974,0.0546424753770372,0.30013183166652,-4.22334962214054
"PG(19:0_20:0)-H",-3.78595145466923,9.25912970057444,-2.71703511598612,0.0119679218989842,0.152085383049136,-2.91835971281343
"PG(19:0_20:3)-H",1.2664468872528,11.1295224726434,0.942220603944627,0.35537812230109,0.678540725087596,-5.64620233839506
"PG(19:0_20:5)-H",3.17947177639932,9.67913466752352,2.64092300894328,0.014248125030119,0.152085383049136,-3.07134999563096
"PG(19:0_22:6)-H",-1.90423836649673,9.95685719668309,-1.15797764267429,0.2581580987901,0.577377544300014,-5.43281989238879
"PG(20:0_20:0)-H",4.73064188832725,11.0299482571139,3.09429045214826,0.0049192835477502,0.0816496818917122,-2.13042023114942
"PG(20:0_20:1)-H",2.102035219461,8.93034719634523,1.48651218394208,0.15003859398747,0.48778904885531,-5.03462331879567
"PG(20:0_20:2)-H",0.641344612739424,10.8484413975155,0.537812088350065,0.595611609488824,0.828532350629704,-5.93435648382675
"PG(20:0_20:3)-H",-0.327794848571617,16.9625799305547,-0.745578148022014,0.462972944260309,0.739818603363227,-5.80520833216824
"PG(20:0_20:4)-H",-0.629040541786516,13.152255310272,-0.563265005062677,0.57842918789172,0.818345839687718,-5.92069965196415
"PG(20:0_20:5)-H",-1.81868372422989,13.2175845724378,-1.68008508175679,0.105787735380534,0.41591283331189,-4.76190872180091
"PG(20:0_22:5)-H",0.347022530342942,15.7168188828153,0.656954237500189,0.517297420928096,0.778437651227989,-5.86526875185973
"PG(20:0_22:6)-H",3.26304943104231,9.84779670685056,2.63539843360162,0.0144285821755404,0.152085383049136,-3.08236703453673
"PG(20:1_20:3)-H",-0.693822674191624,16.0756016835342,-1.63876155028588,0.113965265985625,0.431087552783724,-4.82206126701084
"PG(20:1_20:5)-H",-2.49011554713644,10.4081880681952,-1.44121541370036,0.162321003648414,0.48778904885531,-5.09450418816048
"PG(20:2_20:4)-H",1.13890341518812,9.774800765868,0.977610032826389,0.337925763075813,0.662547362251003,-5.61395096448122
"PG(20:3_20:4)-H",-5.56867375535412,12.086234455596,-4.17530951381927,0.000332469279003184,0.0177396108153842,0.300936602207339
"PG(20:3_22:5)-H",-0.431907986015272,16.690977012947,-0.980250765552581,0.336485636114395,0.661459921519614,-5.61165279726105
"PG(20:3_22:6)-H",0.372627683101857,19.3152370550257,0.560705789480862,0.580059377326982,0.819100859854926,-5.92218610573857
"PG(20:4_20:4)-H",-0.730354049792259,14.8342854845221,-0.852795220395192,0.402079198357204,0.70084128493074,-5.72281133195474
"PG(20:4_22:4)-H",-2.72588821660344,12.2908495135194,-2.36601650525543,0.0263110631403927,0.20425759204476,-3.60390854659455
"PG(20:5_22:4)-H",-3.05575487978174,8.96859740725986,-2.36528882702927,0.0263528396475191,0.20425759204476,-3.60527317038025
"PG(22:4_22:4)-H",1.12375578039535,8.27046718116795,0.5910483026959,0.559960739987907,0.809072868028949,-5.90509180922598
"PG(22:4_22:5)-H",4.08500733332492,11.8118716534664,2.69735248672167,0.0125222238812809,0.152085383049136,-2.9581358309224
"PG(22:4_22:6)-H",-0.194935968817507,17.9806962990226,-0.508605072554632,0.615551060055534,0.834270257580814,-5.94934134832762
"PG(22:6_22:6)-H",0.177149074481843,22.5769654468649,0.116153691485946,0.908487889420643,0.962643764121206,-6.06961122863799
"PI(14:0_14:0)-H",-1.70271838125716,8.66997474746663,-1.14836338436257,0.262027637184822,0.579096582772373,-5.44316858171833
"PI(14:0_18:0)-H",-2.94387511460011,10.9691173590454,-2.07887382208799,0.0483792920070614,0.28233852444746,-4.12160348597276
"PI(14:0_18:1)-H",-2.52099112862558,11.0921127772347,-1.77208290687744,0.0889546617207674,0.372805752129238,-4.62316660314856
"PI(14:0_18:2)-H",0.641815919622431,9.69217353650436,0.571650437927036,0.572823137894698,0.818345839687718,-5.91606588543487
"PI(14:0_18:3)-H",0.309035320147458,17.3423859361969,0.792907835008555,0.435397065515771,0.724368837283476,-5.77016846069903
"PI(15:0_15:0)-H",-3.24831955517698,12.3209326692699,-3.75211171682044,0.000965611868907657,0.0323153471610654,-0.66666169757727
"PI(15:0_16:1)-H",-4.457522444074,9.1888965728933,-3.60359246527513,0.0014090420695494,0.0365008860876605,-1.00723681922255
"PI(15:0_20:0)-H",0.14190639637566,17.1004942758361,0.386985174434757,0.702087950155848,0.885911653321652,-6.00261732697448
"PI(15:0_20:1)-H",-1.05168199221187,10.8019249909543,-1.13642448438887,0.266891856241806,0.581248444934779,-5.45591239324026
"PI(16:0_16:0)-H",-4.37467239573489,12.9933635415923,-2.17404816831351,0.0396897464198006,0.257810787613835,-3.95480681726466
"PI(16:0_16:1)-H",-3.19600801507835,11.393208928035,-1.63478826135737,0.115017761482742,0.431087552783724,-4.82810489182345
"PI(16:0_18:0)-H",-0.59529153013308,15.333975142224,-1.47775763202886,0.152136658291584,0.48778904885531,-5.04623673085366
"PI(16:0_18:1)-H",-0.192868487399931,15.9829886277888,-0.497578944125593,0.623190472369045,0.841239383628858,-5.95475660211535
"PI(16:0_18:3)-H",-0.140277620062141,9.9842413022417,-0.108090979813991,0.914813456411107,0.963844360986032,-6.07050338757821
"PI(16:0_20:3)-H",2.51718628157,12.0241464786345,2.020232682777,0.054544085226234,0.30013183166652,-4.22184822985654
"PI(16:0_20:4)-H",-0.774412025616378,9.30751693809793,-0.511509039943206,0.613623901348827,0.834270257580814,-5.94782213821259
"PI(16:0_20:5)-H",-0.411838055800619,9.25353766581438,-0.289598743696265,0.774586412624155,0.912569681245388,-6.03493890486051
"PI(16:1_16:1)-H",0.21912210263781,10.4001541725732,0.175512212074301,0.862135402187728,0.954096511754419,-6.06107182265795
"PI(16:1_18:3)-H",1.29233374111141,10.1604985151155,1.05637009993279,0.301216389472216,0.621570836839076,-5.5382684518314
"PI(16:1_20:0)-H",0.0435947957817948,9.60163464965373,0.0331852902781052,0.973798635020895,0.987011642280337,-6.07572662442819
"PI(16:1_20:3)-H",0.148245501951534,9.37510675917784,0.127434102145474,0.899648325318234,0.962643764121206,-6.06825548837045
"PI(16:1_22:6)-H",0.579242753928854,8.63941271656267,0.449268895691904,0.657229819137057,0.855580801888636,-5.97705169383824
"PI(17:0_20:0)-H",-0.11753952847894,17.3755291740805,-0.300779633119706,0.76610483374914,0.911921547770203,-6.03172052544351
"PI(18:0_18:1)-H",-0.324510351643223,15.9895157608282,-0.609223701785978,0.54795051482583,0.801015723238541,-5.89458424718412
"PI(18:0_18:2)-H",1.06381279022862,13.3485444500888,0.696923305725948,0.492482338768733,0.759385732823255,-5.83896583471777
"PI(18:0_18:3)-H",-1.50670544655931,13.8260061940061,-1.46126171309259,0.1567892017497,0.48778904885531,-5.06819303287686
"PI(18:0_20:0)-H",3.54017925425509,10.9216417245425,3.85963477913481,0.000740648964399216,0.0293286332028362,-0.425490365425491
"PI(18:0_20:1)-H",1.68323452860128,10.1563036244803,1.21287739633626,0.236867205071918,0.564745153483518,-5.37226349386055
"PI(18:0_20:3)-H",-2.592594391736,9.80126183039425,-2.42846111832332,0.0229446054608875,0.197007129646931,-3.4858777585351
"PI(18:0_20:4)-H",-2.23284649893656,8.80410482085833,-1.39307689680875,0.176244286799997,0.493946643186734,-5.15644433425106
"PI(18:0_22:6)-H",3.48963459704616,10.1965834770507,2.65299350951936,0.0138611814557931,0.152085383049136,-3.04723720207311
"PI(18:1_18:1)-H",-1.56700888072006,11.2533710201367,-0.835411859613724,0.411646568075684,0.706113757700648,-5.73681997390494
"PI(18:1_18:3)-H",-0.004906742096626,17.2450323944183,-0.0108821172051084,0.991405091172433,0.996742399873227,-6.07621189480795
"PI(18:1_19:0)-H",1.77830828791681,10.6954215408189,1.08866296546523,0.28701055563615,0.601867012742613,-5.50569912831629
"PI(18:2_18:3)-H",0.420061407124582,9.82796551664984,0.345368473084907,0.732797156837085,0.903336948708911,-6.01753224007945
"PI(18:2_20:0)-H",1.12286806645177,10.1728266116299,0.687625841507973,0.498217187232707,0.765778269265087,-5.84519171193549
"PI(18:2_20:4)-H",-0.958980902798565,9.3813167013974,-0.762125918084686,0.45333877764578,0.736802981849133,-5.79306028118406
"PI(19:0_20:0)-H",2.93310013276989,12.0798519994666,2.16208743564323,0.04069859917238,0.259414925997098,-3.97603998560986
"PI(20:0_20:0)-H",0.807306973801447,9.5706885930276,0.552873698558004,0.585414078112119,0.823548618361117,-5.92634941206622
"PI(20:0_20:1)-H",-0.345957453078494,14.6995543992877,-0.29673460056621,0.7691974179294,0.912569681245388,-6.0328808850147
"PI(20:0_20:2)-H",0.0568266762334595,17.2391555853319,0.147884147550313,0.883637203362589,0.956633320162107,-6.06548516465558
"PI(20:0_20:3)-H",-0.290687632170826,20.061330823482,-0.667616745605827,0.51058070257346,0.774410370577969,-5.85842867658786
"PI(20:0_22:4)-H",4.1150169380077,12.1213667955387,3.25540405977509,0.00332962676357468,0.0654534524313233,-1.78125458135398
"PI(20:1_20:3)-H",2.02935497678548,11.8279019284194,1.19094855256891,0.245208101546004,0.568189061134688,-5.39674913178557
"PI(20:1_20:5)-H",-1.01150750775598,9.42022174412003,-0.653155706465476,0.519804864612289,0.778437651227989,-5.86757251314019
"PI(20:1_22:6)-H",1.73475896227377,9.85439483696127,1.19360467220267,0.244186302520404,0.568189061134688,-5.39380429692672
"PI(20:2_20:3)-H",0.806767042374497,10.1511130576781,0.510459098968611,0.614348177587647,0.834270257580814,-5.94834595876236
"PI(20:5_22:5)-H",-3.91340467351401,8.76744665392811,-2.66870938629041,0.0133721356188064,0.152085383049136,-3.01575660757531
"PS(14:0_20:3)-H",-0.30441872403428,9.25255577567617,-0.232663349923606,0.817976536479274,0.934676223367354,-6.0495757805793
"PS(15:0_20:4)-H",0.440061745737694,10.2232923395552,0.438639109800487,0.664808606794978,0.860679426821228,-5.98167196916547
"PS(16:1_17:0)-H",0.422788917997257,10.0435211909537,0.28806619362844,0.775745311366561,0.912569681245388,-6.03537441385066
"PS(18:0_22:6)-H",0.520158338332537,11.0013075790757,0.458140322401615,0.650933213850996,0.850331009867117,-5.97311248940484
"PS(15:0_20:3)-H",1.79582197822183,11.4995031947899,1.60910391224723,0.120544243434108,0.441404656104306,-4.86500459460246
"PS(18:1_18:1)-H",0.799817557352036,9.62548068856887,0.568193943354142,0.57513064271653,0.818345839687718,-5.91798400069635
"PS(16:0_18:1)-H",-3.35698247225439,9.98697231727295,-2.57353278749015,0.0166008852008037,0.162654627251778,-3.20489931541603
"PS(15:0_18:0)-H",1.87116583472468,10.0906929849415,1.25227607330478,0.222419982516611,0.546538575460224,-5.32728713562497
"PS(17:0_20:3)-H",-0.22967896797209,13.9137351560865,-0.337112445265934,0.738885630079576,0.906317841821746,-6.02033521817505
"PS(20:5_22:5)-H",3.10166772072334,9.97258283865801,2.31243518954011,0.0295549829752673,0.214345361966259,-3.70370783597083
"PS(20:5_22:6)-H",2.09350733590915,9.30238574663696,1.42015812118504,0.168299204984665,0.492233136173628,-5.12181572077793
"PS(16:0_18:0)-H",-0.289313776193366,15.2744699725946,-0.648857914966972,0.522429877534375,0.778437651227989,-5.87039169810321
"PS(14:0_18:0)-H",-1.00758661653162,16.4061873638326,-1.54940544001335,0.134028680635778,0.473787292047254,-4.94879860119537
"PS(17:0_20:2)-H",-3.41267488980549,9.30013930355756,-2.49060461958501,0.0199929693718902,0.182131074643926,-3.36664368209627
"PS(15:0_20:0)-H",-1.53617016944054,10.3682872772462,-1.23032926166944,0.230382890967094,0.556945047095207,-5.35249629673274
"PS(18:1_20:0)-H",2.57745061911546,9.53005145893405,1.45119845664239,0.159546899122406,0.48778904885531,-5.08143901022944
"PS(19:0_22:5)-H",1.5837355052597,9.56747473113179,1.35872322796479,0.186747111012302,0.498214614022107,-5.19956110701314
"PS(20:0_20:1)-H",0.468710199212545,16.921509111108,0.993394559236611,0.33016948671474,0.652326926473112,-5.59936533049055
"PS(20:0_20:2)-H",-0.277038847058002,18.9644918727195,-0.673213288668791,0.507074688420839,0.774410370577969,-5.85479603243042
"PS(20:0_22:6)-H",-0.570215873481928,21.6597983585177,-0.66692091126215,0.511090110702729,0.774410370577969,-5.85880224783441
"PS(20:1_20:5)-H",0.206425816663682,10.7120488916884,0.101433125669202,0.920041193714624,0.965825531541952,-6.07119178210931
"PS(20:1_22:6)-H",-1.35346431745485,14.7218494273506,-1.07233364015432,0.294132800554585,0.61278208969789,-5.52227910798847
"PS(20:2_20:2)-H",-0.533044795411067,10.156793892121,-0.293524907870904,0.771619927895661,0.912569681245388,-6.03381273022871
"PS(20:2_20:4)-H",3.6070080839902,11.6430055718221,3.13309191732667,0.0044802442700515,0.0760623288574652,-2.04693798833272
"PS(20:2_22:4)-H",3.09423782550101,9.03993655279132,2.11362625390665,0.045026434273132,0.273453222780729,-4.06127657082122
"PS(20:2_22:6)-H",2.93013360545685,8.41668390194856,1.5627187267078,0.131083898337063,0.46851517730998,-4.93046062127241
"PS(20:3_20:3)-H",-0.15587260822919,9.44344582074488,-0.112200700486876,0.911588448314226,0.962643764121206,-6.0700566444579
"LPA 16:1",-1.03131874631349,9.52181286704948,-0.930545749483317,0.361266028235447,0.683204362257922,-5.65660067739347
"LPA 16:3",-0.190153008900975,10.4667772610778,-0.225813570335534,0.823228191743932,0.934676223367354,-6.0511287998821
"LPA 17:2",0.795020483625345,9.40632628285151,0.6840185699532,0.50045234826321,0.767634300108044,-5.84758564983114
"LPA 2:0",-0.245214643440111,14.2661410606702,-0.395623724786394,0.695785850129231,0.883932023888666,-5.99930340461085
"LPA 4:0",-0.496770139542299,13.7183472755026,-0.647791086394687,0.523126774988555,0.778437651227989,-5.87104285532203
"LPA 5:0",-0.831660119417657,12.079991796492,-0.949956470921153,0.351478639578675,0.676686968467191,-5.63927896844642
"LPA 6:0",-1.53359622815364,9.02139721801342,-1.54062700452935,0.1363644816468,0.473787292047254,-4.96109252648241
"LPA 9:0",-0.863700248439054,8.59229168773757,-0.588276340138749,0.56178963722917,0.810148376467549,-5.90668177667865
"PA(14:0_18:1)-H",0.743525919557996,17.2275650012655,1.81548534237504,0.081634436184668,0.356613589648813,-4.55512620202817
"PA(14:0_20:0)-H",1.22711521462448,9.97511015336254,0.761977351798754,0.453425798711931,0.736802981849133,-5.7931693220272
"PA(14:0_20:2)-H",-1.72285154890301,9.44032616969048,-1.35335396134947,0.188432188582611,0.499144839968833,-5.20621737383756
"PA(15:0_20:1)-H",0.704855792339446,9.64514363599914,0.564577868782159,0.577549669782964,0.818345839687718,-5.91997856410592
"PA(16:0_16:0)-H",0.202320236189038,17.3082218313922,0.309056733510852,0.759875449999187,0.911921547770203,-6.02923992187599
"PA(16:0_16:1)-H",-0.72897401336801,20.5114595873611,-1.48497893973406,0.150226161642809,0.48778904885531,-5.03658814387392
"PA(16:0_18:0)-H",2.54661250856474,11.7554542038679,2.13510642047235,0.0430596175125424,0.265830861833629,-4.02365413129909
"PA(16:0_18:1)-H",-0.680782832327807,18.1758655675355,-0.892948965655572,0.380543651346557,0.693331969648482,-5.68939170097847
"PA(16:0_18:2)-H",3.61151629637773,12.8477338073138,4.17289945015836,0.000331972340606612,0.0177396108153842,0.301195812374146
"PA(16:0_18:3)-H",-0.606684905302686,17.160550587598,-1.44443480262063,0.161208272460034,0.48778904885531,-5.09025385041873
"PA(16:0_20:3)-H",-0.414170705786312,16.8286859416685,-0.924037643881936,0.364424149380305,0.683760508845689,-5.66249594584335
"PA(16:0_20:4)-H",-0.553745726604184,15.4880012942259,-1.24367308152652,0.225317653053344,0.550040153041987,-5.33731145655911
"PA(16:0_20:5)-H",-1.17237215180905,14.2089461235983,-1.48445288882402,0.150432248737532,0.48778904885531,-5.03731950561963
"PA(16:0_22:5)-H",-1.56945727859469,11.2913098431884,-1.12859645217046,0.27011683571881,0.584861670382467,-5.46420359674718
"PA(16:0_22:6)-H",-0.724571271506985,15.1398005682419,-1.38470154830299,0.178550124000067,0.495555253242388,-5.16704790511726
"PA(16:1_17:0)-H",-0.0299523660932834,11.6098943262924,-0.0210032872309658,0.983415006167749,0.99207175367728,-6.07605252720967
"PA(16:1_18:0)-H",-0.646647185426502,11.8801831544182,-0.364438473570227,0.718691276057515,0.89328183563222,-6.01088567274353
"PA(16:1_18:1)-H",-0.468477543850554,20.1448185894392,-1.08679807774569,0.287639255085827,0.601867012742613,-5.50774770714207
"PA(16:1_18:2)-H",-0.777355080325247,19.3720216692549,-1.62915052180104,0.115995445929757,0.431087552783724,-4.83596531250952
"PA(16:1_19:0)-H",3.35884711771999,10.8217577479959,2.46835778912937,0.0210066750638454,0.186809360389196,-3.40952713068639
"PA(16:1_20:0)-H",0.927571238645752,10.0836654526726,0.742503859421034,0.464918627322387,0.739818603363227,-5.80728680554392
"PA(16:1_20:1)-H",-1.13206155164691,10.7538396228427,-0.804271351053861,0.429059654055729,0.722546161172318,-5.76131367286284
"PA(16:1_20:2)-H",2.8818395738617,10.1146881730764,2.37962265077164,0.0255410379571034,0.20425759204476,-3.57834643908659
"PA(16:1_20:3)-H",-1.02422886205325,17.0685189575741,-1.82031060397488,0.0808753059697163,0.355375609172812,-4.54754620261595
"PA(16:1_20:4)-H",-5.67714335315035,10.318681789806,-3.85679674912118,0.00074597594491819,0.0293286332028362,-0.43198220146346
"PA(16:1_20:5)-H",1.29273068447418,10.6037423668941,0.872541505037466,0.391476165027651,0.697930060323759,-5.70647297220421
"PA(16:1_22:5)-H",-0.274503222227132,10.8440550650912,-0.218944402526528,0.828526773879718,0.934844228786856,-6.05262787149117
"PA(16:1_22:6)-H",-3.34537939790185,12.3292526167591,-1.88141838727867,0.0719810381591397,0.329275034564061,-4.45105962621343
"PA(17:0_18:2)-H",-0.26939460171171,12.2895113615889,-0.162892570544596,0.871953693190356,0.954973951664917,-6.06317763489169
"PA(17:0_20:5)-H",-0.665103758679749,9.37094799097998,-0.432025375261317,0.66954255540322,0.865308458280632,-5.9844917481876
"PA(17:0_22:4)-H",0.00781175016006586,9.37817301379117,0.00541201766387912,0.995726159723205,0.997675743732661,-6.07625586065627
"PA(17:0_22:5)-H",-3.02259874029516,10.7482223238684,-3.46118774038611,0.00200022879059196,0.0452779062597635,-1.32401778325072
"PA(18:0_18:0)-H",0.481838033415258,14.9471064044618,1.21223628260355,0.23691307642384,0.564745153483518,-5.37309443015995
"PA(18:0_18:1)-H",-0.873924537758764,15.9334484737672,-1.64735452686463,0.112175360745505,0.428470383027868,-4.80957517160385
"PA(18:0_18:3)-H",0.785967632115979,11.7592291732839,0.429032568772016,0.671689343032885,0.866129470409608,-5.98575388510772
"PA(18:0_20:3)-H",-3.40668642228288,14.0716051271681,-2.34029311783035,0.0278253423356932,0.207855307247628,-3.65199389161341
"PA(18:0_20:5)-H",1.31509651209774,10.5284555358628,1.32405013788543,0.197839574290483,0.514934362351884,-5.24214847766766
"PA(18:1_18:2)-H",-0.127696506677381,19.3317104695916,-0.272796025599844,0.787282290720141,0.917757924710466,-6.03961194352433
"PA(18:1_18:3)-H",-1.07356245717835,18.6250843627784,-1.87518829744674,0.0726614271428332,0.329275034564061,-4.46028686778264
"PA(18:1_19:0)-H",-0.225335159223819,14.4727531343495,-0.546589025837283,0.589574957080799,0.824329818494535,-5.92979877797591
"PA(18:1_20:0)-H",-0.825744958505462,9.88096226868629,-0.490533665956222,0.628168408800101,0.842444885769614,-5.95808721823249
"PA(18:1_20:2)-H",-1.07636996241148,16.8987184033123,-1.88841932918513,0.0707929598470027,0.329275034564061,-4.43896255979918
"PA(18:1_20:3)-H",-1.53332999435878,18.5416884240688,-2.84822525348097,0.00873781977735938,0.127983360268382,-2.64386938929135
"PA(18:1_20:4)-H",-0.815697276653363,17.3864705797255,-1.51961382432441,0.141331498965258,0.483125445245638,-4.98977322941593
"PA(18:1_20:5)-H",-0.389414885295675,16.6830316057443,-0.695833881857497,0.493041606986986,0.759385732823255,-5.83981638738197
"PA(18:1_22:5)-H",1.51065612004913,11.3449029368941,1.08849724091158,0.287082211891969,0.601867012742613,-5.50586853254234
"PA(18:1_22:6)-H",0.498172778879121,16.1153523080718,0.945857943680923,0.353401045772215,0.678540725087596,-5.64309008958094
"PA(18:2_18:2)-H",-0.772615275009304,19.7419977837071,-1.35520217343853,0.187642231903901,0.498821164527451,-5.20395908438166
"PA(18:2_19:0)-H",2.78708535673077,10.5954264161589,1.99609086169629,0.0572781460562084,0.307772364365486,-4.26253985060761
"PA(18:2_20:2)-H",-2.51465773259415,11.2979531779255,-2.43952741557672,0.0223911548958337,0.194490612874276,-3.46477230920837
"PA(18:2_20:4)-H",-1.6144122035584,14.847189366671,-1.39379831141618,0.17602884919502,0.493946643186734,-5.155529142654
"PA(18:2_22:5)-H",0.0606946905239809,14.6450986722792,0.156853163621076,0.876638191242493,0.954973951664917,-6.06413798397675
"PA(18:3_19:0)-H",2.3711037455662,9.12410066315706,1.63636085399499,0.114686378518458,0.431087552783724,-4.82583058558255
"PA(18:3_20:0)-H",1.6174585805624,10.3034291120354,1.00053163516594,0.326939184306765,0.652326926473112,-5.59247835405426
"PA(18:3_20:2)-H",-1.92098395456321,10.5433398585274,-1.80454214936716,0.0835890164586271,0.360930608639274,-4.57287447166482
"PA(18:3_20:5)-H",-3.3594087413802,9.59369734704462,-2.63458789919448,0.0144552372108282,0.152085383049136,-3.08398237327699
"PA(19:0_20:3)-H",0.897228089977943,9.70820933118672,0.772214935881782,0.447452725118773,0.734609199260931,-5.78560814797981
"PA(19:0_20:4)-H",-0.431298686973827,9.52241219840022,-0.334156769596504,0.74113572123345,0.907449677901276,-6.02127491454361
"PA(19:0_22:4)-H",2.36281490666485,10.5372199452269,1.3019763554287,0.205164036075773,0.521430659363864,-5.26876864016071
"PA(19:0_22:5)-H",0.546800944552194,10.0649073961513,0.373890308976311,0.711737064451662,0.890663754433633,-6.00746051894749
"PA(20:0_20:3)-H",2.55120595425351,9.62127168581532,1.74501047765742,0.0936528165506671,0.376609266842894,-4.66458299287129
"PA(20:1_20:1)-H",2.14769942937655,9.84365616208215,1.3695531471143,0.183384294076023,0.498214614022107,-5.1860671358572
"PA(20:1_20:2)-H",0.611631472521472,9.96359682778777,0.480887427286578,0.634909557687972,0.846426717280807,-5.96266669175136
"PA(20:1_20:4)-H",-1.5317085002104,14.1052021757555,-1.34579385463082,0.190825010868025,0.503697113492632,-5.21555154507259
"PA(20:1_22:4)-H",-1.98748125639693,9.79788069462409,-1.15154106571712,0.260744000583809,0.579038935670069,-5.43975665807173
"PA(20:1_22:5)-H",1.41370923141764,9.36406719542883,0.953004248163906,0.34999715348401,0.676686968467191,-5.63649120339203
"PA(20:1_22:6)-H",1.38232593873157,10.2013355518915,1.02949561428333,0.313412575127329,0.637926958092955,-5.56469411220872
"PA(20:2_20:2)-H",0.280130952022123,15.9181832306748,0.419533228939702,0.678460234660158,0.871399752830902,-5.9897550881595
"PA(20:2_20:3)-H",-0.64883901052794,17.5031529038639,-1.21012889270403,0.237706126363683,0.564745153483518,-5.37546433620717
"PA(20:2_20:4)-H",-0.194061131421796,15.9515117424323,-0.305940225658825,0.762219033168513,0.911921547770203,-6.03018176400397
"PA(20:2_20:5)-H",-0.659607855144593,15.268072996952,-1.46751023009657,0.154881398724349,0.48778904885531,-5.05986165820091
"PA(20:3_20:3)-H",1.6921757639812,13.5353546866492,1.50646333638857,0.144872958145948,0.483125445245638,-5.00776421559865
"PA(20:5_20:5)-H",-1.54221840993778,10.7658436676635,-1.46416088445255,0.156001887587302,0.48778904885531,-5.06436285225818
"PA(20:5_22:6)-H",0.21962649392791,9.48837309132792,0.162651831206111,0.872141201689588,0.954973951664917,-6.06321628354478
"PA(22:4_22:6)-H",0.464124206322371,9.85970767032619,0.332678031975677,0.742237956087925,0.907449677901276,-6.02175941585483
"PA(22:5_22:5)-H",-0.0623116437086626,15.9907637249793,-0.140189724398596,0.889649299448634,0.958972621483592,-6.06657781489629
"PA(22:6_22:6)-H",-0.917409121278604,15.7265166480896,-1.97226800714114,0.0598975528186422,0.312891412276403,-4.30130300525091
"CL(72:0_18:0)-2H",-1.67633913641156,10.3017416022089,-1.15970506571323,0.257467331384711,0.577377544300014,-5.43095237646611
"CL(72:1_18:0)-2H",0.127681903587177,10.0971379549522,0.111185126949714,0.912385254347809,0.962643764121206,-6.0701685903275
"CL(72:1_18:1)-2H",-0.0322633666131651,15.3859607187477,-0.0637147540814447,0.949711214769741,0.977262926599834,-6.07426756491309
"CL(72:2_18:0)-2H",-0.559797516888754,10.9173435000236,-0.461038785259515,0.648881688607586,0.850331009867117,-5.97180908374552
"CL(72:2_18:1)-2H",1.07372035447117,10.0322355887699,0.759791898626145,0.454707061087617,0.736802981849133,-5.79477100875815
"CL(72:2_18:2)-2H",-2.09996556741464,14.0688356684417,-1.56978135417138,0.12943167915869,0.464833963132412,-4.92059348359374
"CL(72:4_18:0)-2H",-1.12606117915039,13.8962158326531,-1.39347201626991,0.176005618744365,0.493946643186734,-5.15594353803137
"CL(72:4_18:1)-2H",0.0969986490761787,11.1627329634328,0.0711374625389901,0.9438721496806,0.973857038413548,-6.07377213302774
"CL(72:4_20:4)-2H",-3.21301428945666,9.96174629636021,-3.07902890917616,0.00510305269904607,0.0816496818917122,-2.16314398321988
"CL(72:8_18:0)-2H",2.48970884945132,12.1731517639581,1.88353498118494,0.0716823141460264,0.329275034564061,-4.44765293153522
