"Sample","ER_Curvature_PE_PC","ER_Saturation_Symmetric_Log2","Mito_PG_CL_Ratio","FAO_Stress_Permille","Lysosomal_BMP_Percent","Golgi_Arrest_Cer_SM","M1_Storage_Percent","M2_Structural_Percent","CPI"
"Vehicle-6hr_Huh7_M1",0.0457466617288727,0.338657437386119,0,7.89366359061914,0,139.406671328541,0,45.8972330189798,35.9657299251339
"Vehicle-6hr_Huh7_M2",0.0919275366601146,-2.10905599616855,0,7.20740844673898,0,166.416353699121,0,59.0729888122725,37.1031035914314
"Vehicle-6hr_Huh7_M3",0.360501163544733,-1.4513832660407,0,6.74084803948795,0,234.952032675617,0,43.8090133521288,67.8564508105273
"Vehicle-24hr_Huh7_M1",0.0428561075207532,1.30548501975541,0,5.28722257549584,0,20.1773427386276,0,28.7823885941507,41.4980826096708
"Vehicle-24hr_Huh7_M2",0.0397961337902464,0.980706128693681,0,5.9163024935635,0,22.9338592295022,0,28.669953971517,38.6213920422986
"Vehicle-24hr_Huh7_M3",0.179994007596815,0.611058169397021,0,15.4680765438008,0,32.2015913036166,0,10.3833598541539,38.0361195667209
"TNFa-6hr_Huh7_M1",0.0337692301368871,0.694287366118404,0,8.99365622189079,0,83.4206100250018,0,35.9754002545201,34.1105705858375
"TNFa-6hr_Huh7_M2",0.0522073904883255,0.499480243129218,0,8.01566771743003,0,84.2309082836573,0,36.5262483744067,31.640445941246
"TNFa-6hr_Huh7_M3",0.117310664592699,-0.789694145946103,0,11.0462505713262,0,553.855055550335,0,53.7395738409095,47.7170771214448
"TNFa-24hr_Huh7_M1",0.0480876508863853,0.638117190793555,0,4.85739361804143,0,50.0737883601664,0,41.8748348247156,45.2221916589643
"TNFa-24hr_Huh7_M2",0.0466264089304008,0.773655886532759,0,4.9069937416693,0,51.7121645172788,0,42.5660072569413,43.2589154413931
"TNFa-24hr_Huh7_M3",0.380964936075769,-1.25399285320674,0,5.20460963534039,0,14.7340655576394,0,38.5425047776413,120.487762907421
"ACSM5-6hr_Huh7_M1",0.0395618707521616,0.447620353304485,0,7.27692992101488,0,78.874729122,0,46.0482455464052,28.3547163579642
"ACSM5-6hr_Huh7_M2",0.0429327893848757,0.550545512260546,0,7.65371590259273,0,54.8663229532225,0,49.7265266717355,24.1872056636331
"ACSM5-6hr_Huh7_M3",0.143752398728259,-3.43286648990287,0,6.36852955041686,0,1034.26532662056,0,68.337580452656,37.7057359847867
"ACSM5-24hr_Huh7_M1",0.0431788245779876,0.956363255945475,0,5.1498615267731,0,30.052637872056,0,34.721651891574,40.3487884194598
"ACSM5-24hr_Huh7_M2",0.0503925953239932,0.831366013706679,0,5.53690972631793,0,39.2354896695494,0,38.7056540225723,36.6036759394428
"ACSM5-24hr_Huh7_M3",0.218921061394301,-2.68635320197908,0,6.5383173079883,0,823.7101784815,0,51.4519533695645,65.5589366080314
"TNFa-ACSM5-6hr_Huh7_M1",0.0377381271869446,0.564269145108805,0,6.96689601935926,0,93.3033238262938,0,48.5529660814029,25.9040075531483
"TNFa-ACSM5-6hr_Huh7_M2",0.0400296085218271,0.640476047494111,0,6.52963313713826,0,123.321192348022,0,51.2229140446807,25.7819109800524
"TNFa-ACSM5-6hr_Huh7_M3",0.182605315960345,0.112474662419372,0,15.4585267244863,0,24.098127877676,0,42.9755690992579,38.0082160683719
"TNFa-ACSM5-24hr_Huh7_M1",0.0439958806172413,0.604372246127892,0,4.26716856624847,0,28.6020710622328,0,42.4101060656852,43.0680685060996
"TNFa-ACSM5-24hr_Huh7_M2",0.0458559344634531,0.731364640541736,0,4.36579893229876,0,33.2791006355319,0,44.4756678456937,37.6943183661641
"TNFa-ACSM5-24hr_Huh7_M3",0.43900387486652,-1.58254243136773,0,18.2882936791559,0,81.0575135095769,0,35.1950870431507,37.3718867049856
