"Sample","Raw_Median","Raw_Zero_Count","Log2_Normalized_Median","Log2_Normalized_SD","Restituted_Linear_Median"
"Vehicle-6hr_Huh7_M1",56812.5406098956,355,12.824783864805,4.69501138684358,7255.12052005957
"Vehicle-6hr_Huh7_M2",56266.4476793286,355,12.824783864805,4.62845914478019,7255.12052005957
"Vehicle-6hr_Huh7_M3",41502.6654122959,355,12.824783864805,4.11278642544679,7255.12052005957
"Vehicle-24hr_Huh7_M1",60124.6038537263,367,12.824783864805,4.79576763077536,7255.12052005957
"Vehicle-24hr_Huh7_M2",52726.6122169907,367,12.824783864805,4.52637666225805,7255.12052005957
"Vehicle-24hr_Huh7_M3",42132.2646234137,367,12.824783864805,4.08321117559234,7255.12052005957
"TNFa-6hr_Huh7_M1",53982.109166653,366,12.824783864805,4.62421722803742,7255.12052005957
"TNFa-6hr_Huh7_M2",53480.8426963981,366,12.824783864805,4.61195780110454,7255.12052005957
"TNFa-6hr_Huh7_M3",39565.9861124845,366,12.824783864805,4.44276097718328,7255.12052005957
"TNFa-24hr_Huh7_M1",55828.4157123867,352,12.824783864805,4.75130623882542,7255.12052005957
"TNFa-24hr_Huh7_M2",49934.9496604653,352,12.824783864805,4.5214221903459,7255.12052005957
"TNFa-24hr_Huh7_M3",41247.5215785213,352,12.824783864805,4.10785075585327,7255.12052005957
"ACSM5-6hr_Huh7_M1",48175.6536781043,371,12.824783864805,4.67678551343229,7255.12052005957
"ACSM5-6hr_Huh7_M2",48299.4020541862,371,12.824783864805,4.41355857452971,7255.12052005957
"ACSM5-6hr_Huh7_M3",36836.2791708227,371,12.824783864805,4.4077655771241,7255.12052005957
"ACSM5-24hr_Huh7_M1",57824.976106751,303,12.824783864805,4.42744526695864,7255.12052005957
"ACSM5-24hr_Huh7_M2",54490.0791868596,303,12.824783864805,4.11901302057717,7255.12052005957
"ACSM5-24hr_Huh7_M3",42423.622099528,303,12.824783864805,3.74727156712726,7255.12052005957
"TNFa-ACSM5-6hr_Huh7_M1",55979.14798046,366,12.824783864805,4.59509381404523,7255.12052005957
"TNFa-ACSM5-6hr_Huh7_M2",51019.0933516659,366,12.824783864805,4.65673833519291,7255.12052005957
"TNFa-ACSM5-6hr_Huh7_M3",41077.4886543644,366,12.824783864805,4.21209539939527,7255.12052005957
"TNFa-ACSM5-24hr_Huh7_M1",53941.9162664381,334,12.824783864805,4.32651073665177,7255.12052005957
"TNFa-ACSM5-24hr_Huh7_M2",49811.0516225727,334,12.824783864805,4.21700167735762,7255.12052005957
"TNFa-ACSM5-24hr_Huh7_M3",36647.4912792819,334,12.824783864805,3.50859448363216,7255.12052005957
