Gene_Symbol,Metric_Name,Mechanism_Summary,Sources
ELOVL1,Elongation_VLCFA_SFA_MUFA,"ELOVL1 catalyzes the elongation of saturated and monounsaturated fatty acyl-CoAs to C24 and C26, serving as the rate-limiting enzyme for sphingolipid and ceramide precursor synthesis.","PMID:3035681, GO:0019217"
Elovl1,Elongation_VLCFA_SFA_MUFA,"Elovl1 catalyzes the elongation of saturated and monounsaturated fatty acyl-CoAs to C24 and C26, serving as the rate-limiting enzyme for sphingolipid and ceramide precursor synthesis.","PMID:3035681, GO:0019217"
ELOVL2,Elongation_PUFA_C20_C22,"ELOVL2 catalyzes the elongation of C20 and C22 polyunsaturated fatty acids (PUFAs) up to C24:6n-3, acting as a crucial regulator of docosahexaenoic acid (DHA) biosynthesis.","PMID:19426915, GO:0008401"
Elovl2,Elongation_PUFA_C20_C22,"Elovl2 catalyzes the elongation of C20 and C22 polyunsaturated fatty acids (PUFAs) up to C24:6n-3, acting as a crucial regulator of docosahexaenoic acid (DHA) biosynthesis.","PMID:19426915, GO:0008401"
ELOVL3,Elongation_VLCFA_SFA_MUFA_Thermogenic,"ELOVL3 catalyzes the elongation of C18 to C24 saturated and monounsaturated fatty acids, showing tissue-specific regulation in thermogenic brown adipose tissue.","PMID:16524884, GO:0019217"
Elovl3,Elongation_VLCFA_SFA_MUFA_Thermogenic,"Elovl3 catalyzes the elongation of C18 to C24 saturated and monounsaturated fatty acids, showing tissue-specific regulation in thermogenic brown adipose tissue.","PMID:16524884, GO:0019217"
ELOVL4,Elongation_Ultra_VLCFA,"ELOVL4 mediates the condensation of ultra-long-chain fatty acids (VLCFAs, C26-C38) that serve structural roles in retina, testis, and epidermis.","PMID:12482854, GO:0019217"
Elovl4,Elongation_Ultra_VLCFA,"Elovl4 mediates the condensation of ultra-long-chain fatty acids (VLCFAs, C26-C38) that serve structural roles in retina, testis, and epidermis.","PMID:12482854, GO:0019217"
ELOVL5,Elongation_PUFA_C18_C20,"ELOVL5 condenses C18 and C20 polyunsaturated fatty acids (omega-3 and omega-6 pathways) to facilitate downstream PUFA synthesis.","PMID:11303031, GO:0008401"
Elovl5,Elongation_PUFA_C18_C20,"Elovl5 condenses C18 and C20 polyunsaturated fatty acids (omega-3 and omega-6 pathways) to facilitate downstream PUFA synthesis.","PMID:11303031, GO:0008401"
ELOVL6,Elongation_LCFA_SFA_MUFA,"ELOVL6 catalyzes the rate-limiting elongation of C16:0 (palmitate) and C16:1 (palmitoleate) to C18:0 (stearate) and C18:1 (oleate) fatty acyl-CoAs.","PMID:17290074, GO:0019217"
Elovl6,Elongation_LCFA_SFA_MUFA,"Elovl6 catalyzes the rate-limiting elongation of C16:0 (palmitate) and C16:1 (palmitoleate) to C18:0 (stearate) and C18:1 (oleate) fatty acyl-CoAs.","PMID:17290074, GO:0019217"
ELOVL7,Elongation_LCFA_VLCFA_Saturated_Basal,"ELOVL7 catalyzes the elongation of C16 to C20 saturated fatty acyl-CoAs, showing preference for C18:0.","PMID:18406328, GO:0019217"
Elovl7,Elongation_LCFA_VLCFA_Saturated_Basal,"Elovl7 catalyzes the elongation of C16 to C20 saturated fatty acyl-CoAs, showing preference for C18:0.","PMID:18406328, GO:0019217"
SCD,Desaturation_Delta9_MUFA,"Stearoyl-CoA desaturase (SCD) introduces a cis-double bond at the delta-9 position of saturated fatty acyl-CoAs (palmitate and stearate) to produce monounsaturated fatty acids (palmitoleate and oleate).","PMID:12330519, GO:0004499"
SCD1,Desaturation_Delta9_MUFA,"SCD1 introduces a cis-double bond at the delta-9 position of saturated fatty acyl-CoAs (palmitate and stearate) to produce monounsaturated fatty acids (palmitoleate and oleate).","PMID:12330519, GO:0004499"
Scd1,Desaturation_Delta9_MUFA,"Scd1 introduces a cis-double bond at the delta-9 position of saturated fatty acyl-CoAs (palmitate and stearate) to produce monounsaturated fatty acids (palmitoleate and oleate).","PMID:12330519, GO:0004499"
Scd5,Desaturation_Delta9_MUFA,"Scd5 mediates delta-9 desaturation of saturated fatty acids in brain and pancreas tissues.","PMID:20668685, GO:0004499"
SCD5,Desaturation_Delta9_MUFA,"SCD5 mediates delta-9 desaturation of saturated fatty acids in brain and pancreas tissues.","PMID:20668685, GO:0004499"
FADS1,Desaturation_Delta5_PUFA_AA_EPA,"FADS1 encodes delta-5 desaturase, which converts dihomo-gamma-linolenic acid (DGLA) to arachidonic acid (AA), and eicosatetraenoic acid (ETA) to eicosapentaenoic acid (EPA).","PMID:11102928, GO:0004499"
Fads1,Desaturation_Delta5_PUFA_AA_EPA,"Fads1 encodes delta-5 desaturase, which converts dihomo-gamma-linolenic acid (DGLA) to arachidonic acid (AA), and eicosatetraenoic acid (ETA) to eicosapentaenoic acid (EPA).","PMID:11102928, GO:0004499"
FADS2,Desaturation_Delta6_PUFA_Precursor,"FADS2 encodes delta-6 desaturase, converting linoleic acid (LA) to gamma-linolenic acid (GLA), and alpha-linolenic acid (ALA) to stearidonic acid (SDA).","PMID:10372002, GO:0004499"
Fads2,Desaturation_Delta6_PUFA_Precursor,"Fads2 encodes delta-6 desaturase, converting linoleic acid (LA) to gamma-linolenic acid (GLA), and alpha-linolenic acid (ALA) to stearidonic acid (SDA).","PMID:10372002, GO:0004499"
LPCAT1,Phosphatidylcholine,"LPCAT1 re-esterifies lysophosphatidylcholine (LPC) to phosphatidylcholine (PC), showing preference for saturated fatty acyl-CoAs in surfactant production.","PMID:16707487, GO:0008411"
Lpcat1,Phosphatidylcholine,"Lpcat1 re-esterifies lysophosphatidylcholine (LPC) to phosphatidylcholine (PC), showing preference for saturated fatty acyl-CoAs in surfactant production.","PMID:16707487, GO:0008411"
LPCAT2,Phosphatidylcholine,"LPCAT2 catalyzes the conversion of lysophosphatidylcholine to phosphatidylcholine, and exhibits acetyltransferase activity in inflammatory cells.","PMID:17855364, GO:0008411"
Lpcat2,Phosphatidylcholine,"Lpcat2 catalyzes the conversion of lysophosphatidylcholine to phosphatidylcholine, and exhibits acetyltransferase activity in inflammatory cells.","PMID:17855364, GO:0008411"
LPCAT3,Phosphatidylcholine,"LPCAT3 is the major liver and intestinal acyltransferase that incorporates polyunsaturated fatty acids (arachidonate, linoleate) into PC and PE species.","PMID:17684013, GO:0008411"
Lpcat3,Phosphatidylcholine,"Lpcat3 is the major liver and intestinal acyltransferase that incorporates polyunsaturated fatty acids (arachidonate, linoleate) into PC and PE species.","PMID:17684013, GO:0008411"
LPCAT4,Phosphatidylcholine,"LPCAT4 (MBOAT2) catalyzes lysophospholipid acyltransferase reactions, showing preference for oleoyl-CoA and lysophosphatidylethanolamine.","PMID:18218625, GO:0008411"
Lpcat4,Phosphatidylcholine,"Lpcat4 (MBOAT2) catalyzes lysophospholipid acyltransferase reactions, showing preference for oleoyl-CoA and lysophosphatidylethanolamine.","PMID:18218625, GO:0008411"
MBOAT7,Lysophosphatidylinositol,"MBOAT7 (LPIAT1) specifically transfers arachidonyl-CoA to lysophosphatidylinositol (LPI) to synthesize arachidonoyl-PI, regulating PI acyl-chain composition.","PMID:18408011, GO:0008411"
Mboat7,Lysophosphatidylinositol,"Mboat7 (LPIAT1) specifically transfers arachidonyl-CoA to lysophosphatidylinositol (LPI) to synthesize arachidonoyl-PI, regulating PI acyl-chain composition.","PMID:18408011, GO:0008411"
MBOAT7,Phosphatidylinositol,"MBOAT7 (LPIAT1) specifically transfers arachidonyl-CoA to lysophosphatidylinositol (LPI) to synthesize arachidonoyl-PI, regulating PI acyl-chain composition.","PMID:18408011, GO:0008411"
Mboat7,Phosphatidylinositol,"Mboat7 (LPIAT1) specifically transfers arachidonyl-CoA to lysophosphatidylinositol (LPI) to synthesize arachidonoyl-PI, regulating PI acyl-chain composition.","PMID:18408011, GO:0008411"
PEMT,PE/PC_Index,"PEMT catalyzes the sequential methylation of phosphatidylethanolamine (PE) to phosphatidylcholine (PC) in the liver, regulating the hepatic PE/PC ratio.","PMID:11278278, GO:0004639"
Pemt,PE/PC_Index,"Pemt catalyzes the sequential methylation of phosphatidylethanolamine (PE) to phosphatidylcholine (PC) in the liver, regulating the hepatic PE/PC ratio.","PMID:11278278, GO:0004639"
PEMT,Phosphatidylcholine,"PEMT catalyzes the sequential methylation of phosphatidylethanolamine (PE) to phosphatidylcholine (PC) in the liver, regulating the hepatic PE/PC ratio.","PMID:11278278, GO:0004639"
Pemt,Phosphatidylcholine,"Pemt catalyzes the sequential methylation of phosphatidylethanolamine (PE) to phosphatidylcholine (PC) in the liver, regulating the hepatic PE/PC ratio.","PMID:11278278, GO:0004639"
PEMT,Phosphatidylethanolamine,"PEMT catalyzes the sequential methylation of phosphatidylethanolamine (PE) to phosphatidylcholine (PC) in the liver, regulating the hepatic PE/PC ratio.","PMID:11278278, GO:0004639"
Pemt,Phosphatidylethanolamine,"Pemt catalyzes the sequential methylation of phosphatidylethanolamine (PE) to phosphatidylcholine (PC) in the liver, regulating the hepatic PE/PC ratio.","PMID:11278278, GO:0004639"
PISD,Phosphatidylethanolamine,"PISD converts phosphatidylserine (PS) to phosphatidylethanolamine (PE) in the inner mitochondrial membrane, supplying the cellular pool of PE.","PMID:9484838, GO:0004652"
Pisd,Phosphatidylethanolamine,"Pisd converts phosphatidylserine (PS) to phosphatidylethanolamine (PE) in the inner mitochondrial membrane, supplying the cellular pool of PE.","PMID:9484838, GO:0004652"
PISD,PE_Fraction,"PISD converts phosphatidylserine (PS) to phosphatidylethanolamine (PE) in the inner mitochondrial membrane, supplying the cellular pool of PE.","PMID:9484838, GO:0004652"
Pisd,PE_Fraction,"Pisd converts phosphatidylserine (PS) to phosphatidylethanolamine (PE) in the inner mitochondrial membrane, supplying the cellular pool of PE.","PMID:9484838, GO:0004652"
PCYT1A,Phosphatidylcholine,"PCYT1A catalyzes the rate-limiting step in de novo phosphatidylcholine biosynthesis via the Kennedy pathway (conversion of phosphocholine to CDP-choline).","PMID:14622288, GO:0004116"
Pcyt1a,Phosphatidylcholine,"Pcyt1a catalyzes the rate-limiting step in de novo phosphatidylcholine biosynthesis via the Kennedy pathway (conversion of phosphocholine to CDP-choline).","PMID:14622288, GO:0004116"
PCYT1A,PC_Fraction,"PCYT1A catalyzes the rate-limiting step in de novo phosphatidylcholine biosynthesis via the Kennedy pathway (conversion of phosphocholine to CDP-choline).","PMID:14622288, GO:0004116"
Pcyt1a,PC_Fraction,"Pcyt1a catalyzes the rate-limiting step in de novo phosphatidylcholine biosynthesis via the Kennedy pathway (conversion of phosphocholine to CDP-choline).","PMID:14622288, GO:0004116"
PCYT2,Phosphatidylethanolamine,"PCYT2 catalyzes the rate-limiting conversion of phosphoethanolamine to CDP-ethanolamine in de novo PE synthesis.","PMID:12686121, GO:0004117"
Pcyt2,Phosphatidylethanolamine,"Pcyt2 catalyzes the rate-limiting conversion of phosphoethanolamine to CDP-ethanolamine in de novo PE synthesis.","PMID:12686121, GO:0004117"
PCYT2,PE_Fraction,"PCYT2 catalyzes the rate-limiting conversion of phosphoethanolamine to CDP-ethanolamine in de novo PE synthesis.","PMID:12686121, GO:0004117"
Pcyt2,PE_Fraction,"Pcyt2 catalyzes the rate-limiting conversion of phosphoethanolamine to CDP-ethanolamine in de novo PE synthesis.","PMID:12686121, GO:0004117"
CRLS1,Cardiolipin,"Cardiolipin synthase 1 (CRLS1) catalyzes the condensation of CDP-diacylglycerol and phosphatidylglycerol to form cardiolipin in mitochondria.","PMID:15234969, GO:0004134"
Crls1,Cardiolipin,"Crls1 catalyzes the condensation of CDP-diacylglycerol and phosphatidylglycerol to form cardiolipin in mitochondria.","PMID:15234969, GO:0004134"
TAZ,Cardiolipin,"Tafazzin (TAZ) is a phospholipid-lysophospholipid transacylase that transfers linoleate to lysocardiolipin, crucial for mitochondrial membrane structure.","PMID:11340058, GO:0030143"
Taz,Cardiolipin,"Taz is a phospholipid-lysophospholipid transacylase that transfers linoleate to lysocardiolipin, crucial for mitochondrial membrane structure.","PMID:11340058, GO:0030143"
SGMS1,Sphingomyelin,"Sphingomyelin synthases (SGMS1/2) transfer phosphocholine from phosphatidylcholine to ceramide, generating sphingomyelin and diacylglycerol.","PMID:15051722, GO:0008443"
Sgms1,Sphingomyelin,"Sgms1 transfer phosphocholine from phosphatidylcholine to ceramide, generating sphingomyelin and diacylglycerol.","PMID:15051722, GO:0008443"
SGMS2,Sphingomyelin,"Sphingomyelin synthases (SGMS1/2) transfer phosphocholine from phosphatidylcholine to ceramide, generating sphingomyelin and diacylglycerol.","PMID:15051722, GO:0008443"
Sgms2,Sphingomyelin,"Sgms2 transfer phosphocholine from phosphatidylcholine to ceramide, generating sphingomyelin and diacylglycerol.","PMID:15051722, GO:0008443"
PTGS1,Arachidonic Acid (AA) Pathway,"Prostaglandin-endoperoxide synthases (cyclooxygenases COX-1 and COX-2) catalyze the conversion of arachidonic acid to prostaglandin H2 (PGH2), initiating pro-inflammatory cascades.","PMID:16127116, GO:0004602"
Ptgs1,Arachidonic Acid (AA) Pathway,"Prostaglandin-endoperoxide synthases (cyclooxygenases COX-1 and COX-2) catalyze the conversion of arachidonic acid to prostaglandin H2 (PGH2), initiating pro-inflammatory cascades.","PMID:16127116, GO:0004602"
PTGS2,Arachidonic Acid (AA) Pathway,"Prostaglandin-endoperoxide synthases (cyclooxygenases COX-1 and COX-2) catalyze the conversion of arachidonic acid to prostaglandin H2 (PGH2), initiating pro-inflammatory cascades.","PMID:16127116, GO:0004602"
Ptgs2,Arachidonic Acid (AA) Pathway,"Prostaglandin-endoperoxide synthases (cyclooxygenases COX-1 and COX-2) catalyze the conversion of arachidonic acid to prostaglandin H2 (PGH2), initiating pro-inflammatory cascades.","PMID:16127116, GO:0004602"
ALOX5,Arachidonic Acid (AA) Pathway,"Arachidonate 5-lipoxygenase (ALOX5) oxygenates PUFAs at carbon 5 to initiate leukotriene and lipoxin/resolvin biosynthesis.","PMID:11451522, GO:0004051"
Alox5,Arachidonic Acid (AA) Pathway,"Alox5 oxygenates PUFAs at carbon 5 to initiate leukotriene and lipoxin/resolvin biosynthesis.","PMID:11451522, GO:0004051"
ALOX12,Arachidonic Acid (AA) Pathway,"Arachidonate 12-lipoxygenase (ALOX12) oxygenates PUFAs at carbon 12 to yield 12-HPETE/12-HETE and specialized mediators.","PMID:8434001, GO:0004051"
Alox12,Arachidonic Acid (AA) Pathway,"Alox12 oxygenates PUFAs at carbon 12 to yield 12-HPETE/12-HETE and specialized mediators.","PMID:8434001, GO:0004051"
ALOX15,Arachidonic Acid (AA) Pathway,"Arachidonate 15-lipoxygenase (ALOX15) oxygenates arachidonic acid and DHA at carbon 15 to form 15-HPETE and specialized pro-resolving mediators (SPMs).","PMID:10712217, GO:0004051"
Alox15,Arachidonic Acid (AA) Pathway,"Alox15 oxygenates arachidonic acid and DHA at carbon 15 to form 15-HPETE and specialized pro-resolving mediators (SPMs).","PMID:10712217, GO:0004051"
