Subclass_Name,Lipid_Subclass_Code,Human_Genes,Mouse_Genes,Description_Function,Sources
Acylcarnitine,GP_ACar,"CPT1A, CPT1B, CPT1C, CPT2, CRAT, CROT, SLC25A20","Cpt1a, Cpt1b, Cpt1c, Cpt2, Crat, Crot, Slc25a20",De novo biosynthesis and degradation of Acylcarnitine,"Reactome, LIPID MAPS, KEGG"
Diacylglycerol,GL_DAG,"DGAT1, DGAT2, DGKE, DGKA, DGKB, DGKD, DGKH, DGKI, DGKK, DGKQ, PLCG1, PLCG2, PLCD1, PLCD3, PLCD4, PLCE1, PLCB1, PLCB2, PLCB3, PLCB4","Dgat1, Dgat2, Dgke, Dgka, Dgkb, Dgkd, Dgkh, Dgki, Dgkk, Dgkq, Plcg1, Plcg2, Plcd1, Plcd3, Plcd4, Plce1, Plcb1, Plcb2, Plcb3, Plcb4",De novo biosynthesis and degradation of Diacylglycerol,"Reactome, LIPID MAPS, KEGG"
Triacylglycerol,GL_TAG,"GPAM, GPAT2, GPAT3, GPAT4, AGPAT1, AGPAT2, AGPAT3, AGPAT4, AGPAT5, LPIN1, LPIN2, LPIN3, DGAT1, DGAT2, PNPLA2, LIPE, MGLL","Gpam, Gpat2, Gpat3, Gpat4, Agpat1, Agpat2, Agpat3, Agpat4, Agpat5, Lpin1, Lpin2, Lpin3, Dgat1, Dgat2, Pnpla2, Lipe, Mgll",De novo biosynthesis and degradation of Triacylglycerol,"Reactome, LIPID MAPS, KEGG"
Cardiolipin,GP_CL,"CRLS1, TAZ, PGS1, PTPMT1, TAMM41, PLD6, LCLAT1, ALCAT1, PLA2G6","Crls1, Taz, Pgs1, Ptpmt1, Tamm41, Pld6, Lclat1, Alcat1, Pla2g6",De novo biosynthesis and degradation of Cardiolipin,"Reactome, LIPID MAPS, KEGG"
Lysophosphatidylcholine,GP_LPC,"PLA2G4A, PLA2G6, PLA2G4C, LCAT, LPCAT1, LPCAT2, LPCAT3, LPCAT4, LYPLA1, LYPLA2, PNPLA2","Pla2g4a, Pla2g6, Pla2g4c, Lcat, Lpcat1, Lpcat2, Lpcat3, Lpcat4, Lypla1, Lypla2, Pnpla2",De novo biosynthesis and degradation of Lysophosphatidylcholine,"Reactome, LIPID MAPS, KEGG"
Lysophosphatidylglycerol,GP_LPG,"LPGAT1, LCLAT1, PLA2G4A, PLA2G6","Lpgat1, Lclat1, Pla2g4a, Pla2g6",De novo biosynthesis and degradation of Lysophosphatidylglycerol,"Reactome, LIPID MAPS, KEGG"
Lysophosphatidylinositol,GP_LPI,"MBOAT7, PLA2G4A, PLA2G6, ABHD6","Mboat7, Pla2g4a, Pla2g6, Abhd6",De novo biosynthesis and degradation of Lysophosphatidylinositol,"Reactome, LIPID MAPS, KEGG"
Lysophosphatidylserine,GP_LPS,"ABHD12, PLA2G4A, PLA2G6","Abhd12, Pla2g4a, Pla2g6",De novo biosynthesis and degradation of Lysophosphatidylserine,"Reactome, LIPID MAPS, KEGG"
Phosphatidylcholine,GP_PC,"CHPT1, CEPT1, PCYT1A, PCYT1B, PEMT, PLD1, PLD2, LPCAT1, LPCAT2, LPCAT3, LPCAT4","Chpt1, Cept1, Pcyt1a, Pcyt1b, Pemt, Pld1, Pld2, Lpcat1, Lpcat2, Lpcat3, Lpcat4",De novo biosynthesis and degradation of Phosphatidylcholine,"Reactome, LIPID MAPS, KEGG"
Phosphatidylethanolamine,GP_PE,"SELENOI, CEPT1, PCYT2, PISD, PEMT","Selenoi, Cept1, Pcyt2, Pisd, Pemt",De novo biosynthesis and degradation of Phosphatidylethanolamine,"Reactome, LIPID MAPS, KEGG"
Ether Phosphatidylethanolamine,GP_PE_E,"GNPAT, AGPS, FAR1, FAR2, TMEM189, CDS1, CDS2","Gnpat, Agps, Far1, Far2, Tmem189, Cds1, Cds2",De novo biosynthesis and degradation of Ether Phosphatidylethanolamine,"Reactome, LIPID MAPS, KEGG"
Plasmalogen Phosphatidylethanolamine,GP_PE_P,"TMEM189, GNPAT, AGPS, FAR1, FAR2","Tmem189, Gnpat, Agps, Far1, Far2",De novo biosynthesis and degradation of Plasmalogen Phosphatidylethanolamine,"Reactome, LIPID MAPS, KEGG"
Phosphatidylglycerol,GP_PG,"PGS1, PTPMT1, CDS1, CDS2, TAMM41","Pgs1, Ptpmt1, Cds1, Cds2, Tamm41",De novo biosynthesis and degradation of Phosphatidylglycerol,"Reactome, LIPID MAPS, KEGG"
Phosphatidylinositol,GP_PI,"CDIPT, PIP5K1A, PIK3CA, CDS1, CDS2, MBOAT7","Cdipt, Pip5k1a, Pik3ca, Cds1, Cds2, Mboat7",De novo biosynthesis and degradation of Phosphatidylinositol,"Reactome, LIPID MAPS, KEGG"
Phosphatidylserine,GP_PS,"PTDSS1, PTDSS2","Ptdss1, Ptdss2",De novo biosynthesis and degradation of Phosphatidylserine,"Reactome, LIPID MAPS, KEGG"
Ceramide,SP_Cer,"SPTLC1, SPTLC2, SPTLC3, KDSR, CERS1, CERS2, CERS3, CERS4, CERS5, CERS6, DEGS1, DEGS2, CERK, SGMS1, SGMS2, SMPD1, SMPD2, SMPD3, SMPD4, ASAH1, ASAH2, ACER1, ACER2, ACER3","Sptlc1, Sptlc2, Sptlc3, Kdsr, Cers1, Cers2, Cers3, Cers4, Cers5, Cers6, Degs1, Degs2, Cerk, Sgms1, Sgms2, Smpd1, Smpd2, Smpd3, Smpd4, Asah1, Asah2, Acer1, Acer2, Acer3",De novo biosynthesis and degradation of Ceramide,"Reactome, LIPID MAPS, KEGG"
Glucosylceramide,SP_HexCer,"UGCG, GBA, GBA2","Ugcg, Gba, Gba2",De novo biosynthesis and degradation of Glucosylceramide,"Reactome, LIPID MAPS, KEGG"
Lactosylceramide,SP_Hex2Cer,"B4GALT5, B4GALT6","B4galt5, B4galt6",De novo biosynthesis and degradation of Lactosylceramide,"Reactome, LIPID MAPS, KEGG"
Sphingomyelin,SP_SM,"SGMS1, SGMS2, SMPD1, SMPD2, SMPD3, SMPD4","Sgms1, Sgms2, Smpd1, Smpd2, Smpd3, Smpd4",De novo biosynthesis and degradation of Sphingomyelin,"Reactome, LIPID MAPS, KEGG"
Cholesteryl Ester,ST_CE,"LCAT, SOAT1, SOAT2, NCEH1, LIPA, CEL","Lcat, Soat1, Soat2, Nceh1, Lipa, Cel",De novo biosynthesis and degradation of Cholesteryl Ester,"Reactome, LIPID MAPS, KEGG"
