Feature_Name,Lipid_Query_Rule,Human_Genes,Mouse_Genes,Mechanism_Description,Sources
Elongation_VLCFA_SFA_MUFA,"Has_VLCFA == TRUE & (Has_SFA == TRUE | Has_MUFA == TRUE)",ELOVL1,Elovl1,"Catalyzes the elongation of saturated and monounsaturated fatty acids to C24 and C26, heavily partitioned toward ceramide and sphingolipid biosynthesis.",PMC:PMC3035681
Elongation_PUFA_C18_C20,"(Has_LCFA == TRUE | Has_VLCFA == TRUE) & Has_PUFA == TRUE & Total_Carbons <= 20",ELOVL5,Elovl5,"Elongation of C18 and C20 polyunsaturated fatty acids, crucial for intermediate omega-3 and omega-6 metabolism.",PMID:11303031
Elongation_PUFA_C20_C22,"Has_VLCFA == TRUE & Has_PUFA == TRUE & Total_Carbons >= 20",ELOVL2,Elovl2,"Specialized elongation of C20 and C22 PUFAs, driving the downstream synthesis of docosahexaenoic acid (DHA) and structurally related precursors.",PMID:19426915
Elongation_VLCFA_SFA_MUFA_Thermogenic,"Has_VLCFA == TRUE & (Has_SFA == TRUE | Has_MUFA == TRUE)",ELOVL3,Elovl3,"Elongation of saturated and monounsaturated fatty acids up to C24, heavily localized to brown adipose tissue and regulated by thermogenic demand.",PMID:16524884
Elongation_LCFA_VLCFA_Saturated_Basal,"(Has_LCFA == TRUE | Has_VLCFA == TRUE) & Has_SFA == TRUE",ELOVL7,Elovl7,"Catalyzes the elongation of C16 to C20 saturated fatty acyl-CoAs.",PMID:18406328
Elongation_Ultra_VLCFA,Total_Carbons >= 26,ELOVL4,Elovl4,"Catalyzes the extreme condensation of precursors into ultra-long-chain fatty acids (C26-C38) that are structurally obligate in retinal, testicular, and epidermal membranes.",PMID:12482854
Elongation_LCFA_SFA_MUFA,"Has_LCFA == TRUE & (Has_SFA == TRUE | Has_MUFA == TRUE) & Total_Carbons <= 18",ELOVL6,Elovl6,"Elongation of C12-C16 saturated and monounsaturated fatty acids up to C18.",PMID:17290074
Desaturation_Delta9_MUFA,Has_LCFA == TRUE & Has_MUFA == TRUE,"SCD, SCD5","Scd1, Scd5","Delta-9 desaturation of saturated palmitate (16:0) and stearate (18:0) to monounsaturated palmitoleate (16:1) and oleate (18:1).","PMC:PMC12330519, PMC:PMC7277411, PMC:PMC12173144"
Desaturation_Delta5_PUFA_AA_EPA,"Has_LCFA == TRUE & Has_PUFA == TRUE & (Has_AA == TRUE | Has_EPA == TRUE)",FADS1,Fads1,"Specific delta-5 desaturation of DGLA and ETA precursors to yield arachidonic acid (AA) and eicosapentaenoic acid (EPA).",PMID:11102928
Desaturation_Delta6_Delta4_PUFA_Synthesis,"(Has_LCFA == TRUE | Has_VLCFA == TRUE) & Has_PUFA == TRUE & (Has_DHA == TRUE | Total_DB >= 2)",FADS2,Fads2,"Pleiotropic front-end desaturase mediating delta-6/delta-8/delta-4 double bond insertions.",PMID:10049581
Desaturation_Sphingoid_Base_Delta14Z,subclass == 'SP_Cer' & Total_DB >= 1,FADS3,Fads3,"Catalyzes Delta-14Z desaturation directly on the sphingoid base backbone of ceramides.",PMID:12402281
Remodeling_PC_SFA_MUFA,subclass == 'GP_PC' & (Has_SFA == TRUE | Has_MUFA == TRUE),"LPCAT1, LPCAT2","Lpcat1, Lpcat2","Esterification of saturated and monounsaturated fatty acids into the sn-2 position of phosphatidylcholine.","PMC:PMC3122193, PMC:PMC11171337, PMC:PMC3995458"
Remodeling_PC_PE_PUFA,"(subclass == 'GP_PC' | subclass == 'GP_PE') & Has_PUFA == TRUE",LPCAT3,Lpcat3,"Highly specific incorporation of polyunsaturated acyl chains (18:2/20:4) into the sn-2 position of PC and PE.","PMC:PMC9174858, PMC:PMC3546689, PMC:PMC6358305"
Remodeling_PE_PS_MUFA,"(subclass == 'GP_PE' | subclass == 'GP_PS') & Has_MUFA == TRUE","MBOAT1, MBOAT2","Mboat1, Mboat2","Utilizes oleoyl-CoA (18:1) to reacylate lysophosphatidylethanolamine and lysophosphatidylserine.","PMC:PMC2674719, PMC:PMC10213974, PMC:PMC8753187"
Remodeling_PI_Arachidonate,subclass == 'GP_PI' & Has_PUFA == TRUE & Has_AA == TRUE,MBOAT7,Mboat7,"Highly selective incorporation of arachidonic acid into the sn-2 position of phosphatidylinositol.","PMC:PMC10213974, PMC:PMC6358305, PMC:PMC8753187"
Remodeling_Cardiolipin_Mitochondrial,"(subclass == 'GP_CL' | subclass == 'GP_PG') & (Has_MUFA == TRUE | Has_PUFA == TRUE)",LCLAT1,Lclat1,"Acyl-CoA:lysocardiolipin acyltransferase activity responsible for the structural maturation and remodeling of cardiolipin.","PMC:PMC11171337, PMC:PMC3439698, PMC:PMC3035681"
Remodeling_Phosphatidic_Acid_PUFA,subclass == 'GP_PA' & Has_PUFA == TRUE,"AGPAT3, AGPAT4","Agpat3, Agpat4","Synthesis of specialized polyunsaturated phosphatidic acid from LPA.","PMC:PMC4280512, PMC:PMC6688108, PMC:PMC11390115"
BetaOxidation_Mitochondrial_LongChain,Has_LCFA == TRUE | Has_VLCFA == TRUE,"ACADVL, ACADL, CPT1A, CPT1B, CPT1C, CPT2, HADHA, HADHB","Acadvl, Acadl, Cpt1a, Cpt1b, Cpt1c, Cpt2, Hadha, Hadhb","Carnitine-shuttle mediated import and complete degradation of long-chain fatty acids in mitochondria.","PMC:PMC2431035, PMC:PMC11153573, PMC:PMC11441193"
BetaOxidation_Mitochondrial_MediumShortChain,Has_MCFA == TRUE | Has_SCFA == TRUE,"ACADM, ACADS","Acadm, Acads","Degradation of medium and short-chain fatty acids independent of CPT import shuttle.","PMC:PMC11153573, PMC:PMC28088"
BetaOxidation_Peroxisomal_VLCFA,"Has_VLCFA == TRUE & (Has_SFA == TRUE | Has_MUFA == TRUE | Has_PUFA == TRUE)","ACOX1, ACOX2, ACOX3, HSD17B4, SCP2","Acox1, Acox2, Acox3, Hsd17b4, Scp2","Peroxisomal chain-shortening of ultra-long and very-long-chain fatty acids.","PMC:PMC11101658, PMC:PMC1422-0067, PMC:PMC9332717"
