Ratio_Name,Formula,Lipid_Formula_R,Biochemical_Interpretation,Human_Genes,Mouse_Genes,Sources
PE/PC_Index,PE / PC,sum(PE) / sum(PC),Bilayer vs non-bilayer balance; Curvature stress,"SELENOI, PCYT2, PISD, PEMT, CHPT1, PCYT1A","Selenoi, Pcyt2, Pisd, Pemt, Chpt1, Pcyt1a","Literature, PubMed, BioPAN"
Membrane_Fluidity_Index,PC / (PE + SM),sum(PC) / (sum(PE) + sum(SM)),Rigidification vs fluidization,"SGMS1, SGMS2, PISD, PEMT, PCYT1A","Sgms1, Sgms2, Pisd, Pemt, Pcyt1a","Literature, PubMed, BioPAN"
Structural/Energetic_Ratio,(PC + PE + SM) / (TAG + DAG),(sum(PC) + sum(PE) + sum(SM)) / (sum(TG) + sum(DG)),Organelle network expansion vs Droplet storage,"GPAM, GPAT2, GPAT3, GPAT4, LPIN1, LPIN2, LPIN3, DGAT1, DGAT2, PCYT1A, PCYT1B, PCYT2, SELENOI, SGMS1, SGMS2","Gpam, Gpat2, Gpat3, Gpat4, Lpin1, Lpin2, Lpin3, Dgat1, Dgat2, Pcyt1a, Pcyt1b, Pcyt2, Selenoi, Sgms1, Sgms2","Literature, PubMed, BioPAN"
PC_Fraction,PC / Total Lipids,sum(PC) / sum(Total),Secretory pathway expansion capacity,"PCYT1A, CHPT1, PEMT","Pcyt1a, Chpt1, Pemt","Literature, PubMed, BioPAN"
PE_Fraction,PE / Total Lipids,sum(PE) / sum(Total),Vesicular fusion and curvature capacity,"PCYT2, SELENOI, PISD","Pcyt2, Selenoi, Pisd","Literature, PubMed, BioPAN"
SFA_Fraction,SFA / Total Lipids,sum(SFA) / sum(Total),Acyl-chain condensation and rigidity,"FASN, SCD","Fasn, Scd1","Literature, PubMed, BioPAN"
MUFA_Fraction,MUFA / Total Lipids,sum(MUFA) / sum(Total),Monounsaturated fluidity rescue,"SCD, SCD5","Scd1, Scd5","Literature, PubMed, BioPAN"
PUFA_Fraction,PUFA / Total Lipids,sum(PUFA) / sum(Total),Eicosanoid precursor availability,"FADS1, FADS2","Fads1, Fads2","Literature, PubMed, BioPAN"
PUFA/SFA_Ratio,PUFA / SFA,sum(PUFA) / sum(SFA),Lateral diffusion rates vs membrane packaging,"FADS1, FADS2, FASN","Fads1, Fads2, Fasn","Literature, PubMed, BioPAN"
LCFA_Fraction,LCFA / Total Lipids,sum(LCFA) / sum(Total),Standard physiological bilayer thickness,ELOVL6,Elovl6,"Literature, PubMed, BioPAN"
VLCFA_Fraction,VLCFA / Total Lipids,sum(VLCFA) / sum(Total),Transmembrane leaflet interdigitation,"ELOVL1, ELOVL3, ELOVL4","Elovl1, Elovl3, Elovl4","Literature, PubMed, BioPAN"
CE_Fraction,CE / Total Lipids,sum(CE) / sum(Total),Sequestration of free toxic cholesterol,"SOAT1, SOAT2, LCAT, LIPA","Soat1, Soat2, Lcat, Lipa","Literature, PubMed, BioPAN"
SM_Fraction,SM / Total Lipids,sum(SM) / sum(Total),Raft dissociation and lipid raft condensation,"SGMS1, SGMS2, SMPD1, SMPD2, SMPD3, SMPD4","Sgms1, Sgms2, Smpd1, Smpd2, Smpd3, Smpd4","Literature, PubMed, BioPAN"
Plasmalogen_Fraction,PE(P) / (PE + PE(P)),sum(PE_P) / (sum(PE) + sum(PE_P)),Peroxidation vulnerability vs antioxidant shield,"TMEM189, AGPS, GNPAT, FAR1","Tmem189, Agps, Gnpat, Far1","Literature, PubMed, BioPAN"
Ether_PE_Fraction,PE(O) / (PE + PE(O)),sum(PE_E) / (sum(PE) + sum(PE_E)),Ferroptosis-sensitive ether lipid pool,"AGPS, GNPAT, FAR1, FAR2","Agps, Gnpat, Far1, Far2","Literature, PubMed, BioPAN"
Ceramide_Fraction,Ceramide / Total Lipids,sum(Cer) / sum(Total),Apoptotic receptor clustering platform,"SPTLC1, SPTLC2, SPTLC3, CERS1, CERS2, CERS3, CERS4, CERS5, CERS6, ASAH1, ASAH2","Sptlc1, Sptlc2, Sptlc3, Cers1, Cers2, Cers3, Cers4, Cers5, Cers6, Asah1, Asah2","Literature, PubMed, BioPAN"
Cer/SM_Index,Ceramide / SM,sum(Cer) / sum(SM),Raft collapse and apoptosis signaling,"SGMS1, SGMS2, SMPD1, SMPD2, SMPD3","Sgms1, Sgms2, Smpd1, Smpd2, Smpd3","Literature, PubMed, BioPAN"
PS_Fraction,PS / Total Lipids,sum(PS) / sum(Total),Electrostatic kinase anchoring / efferocytosis,"PTDSS1, PTDSS2","Ptdss1, Ptdss2","Literature, PubMed, BioPAN"
LPS/PS,LPS / PS,sum(LPS) / sum(PS),Apoptotic recognition signaling ('eat-me' mask),"PLA1A, PLA2G4A, ABHD12","Pla1a, Pla2g4a, Abhd12","Literature, PubMed, BioPAN"
Cardiolipin_Fraction,CL / Total Lipids,sum(CL) / sum(Total),Cristae assembly and electron transport support,"PGS1, CRLS1, TAZ","Pgs1, Crls1, Taz","Literature, PubMed, BioPAN"
MCFA_Fraction,MCFA / Total Lipids,sum(MCFA) / sum(Total),Rapid mitochondrial beta-oxidation substrates,"MCAT, ACADSB, ACADM","Mcat, Acadsb, Acadm","Literature, PubMed, BioPAN"
PG_Fraction,PG / Total Lipids,sum(PG) / sum(Total),Cardiolipin precursor pool,"PGS1, PTPMT1","Pgs1, Ptpmt1","Literature, PubMed, BioPAN"
LPE/PE,LPE / PE,sum(LPE) / sum(PE),Mitochondrial membrane deformation / stress marker,"PLA2G4A, PLA2G6, SELENOI, PISD","Pla2g4a, Pla2g6, Selenoi, Pisd","Literature, PubMed, BioPAN"
ACar_Fraction,Acylcarnitines / Total Lipids,sum(ACar) / sum(Total),Beta-oxidation transport equilibrium,"CPT1A, CPT1B, CPT2, SLC25A20","Cpt1a, Cpt1b, Cpt2, Slc25a20","Literature, PubMed, BioPAN"
SCFA_Fraction,SCFA / Total Lipids,sum(SCFA) / sum(Total),Histone deacetylase (HDAC) inhibition substrates,"ACSS1, ACSS2, FASN","Acss1, Acss2, Fasn","Literature, PubMed, BioPAN"
PI_Fraction,PI / Total Lipids,sum(PI) / sum(Total),Receptor docking sites and vesicular trafficking,"CDIPT, CDS1, CDS2","Cdipt, Cds1, Cds2","Literature, PubMed, BioPAN"
PA_Fraction,PA / Total Lipids,sum(PA) / sum(Total),Vesicular fusion promoter,"PLD1, PLD2, DGKA, DGKB, DGKD, DGKE, DGKH, DGKI, DGKK, DGKQ","Pld1, Pld2, Dgka, Dgkb, Dgkd, Dgke, Dgkh, Dgki, Dgkk, Dgkq","Literature, PubMed, BioPAN"
DG/PL_Index,DAG / Phospholipids,sum(DG) / (sum(PC) + sum(PE) + sum(PG) + sum(PI) + sum(PS) + sum(PA) + sum(CL)),PKC recruitment and signaling activity,"LPIN1, LPIN2, LPIN3, DGKA, DGKB, DGKD, DGKE, DGKH, DGKI, DGKK, DGKQ","Lpin1, Lpin2, Lpin3, Dgka, Dgkb, Dgkd, Dgke, Dgkh, Dgki, Dgkk, Dgkq","Literature, PubMed, BioPAN"
LPI/PI,LPI / PI,sum(LPI) / sum(PI),Kinase docking vs inflammatory GPR55 signaling,"MBOAT7, PLA2G4A","Mboat7, Pla2g4a","Literature, PubMed, BioPAN"
LPA/PA,LPA / PA,sum(LPA) / sum(PA),Focal adhesion and actin polymerisation,"ENPP2, PLA2G4A","Enpp2, Pla2g4a","Literature, PubMed, BioPAN"
AA_Fraction,AA (20:4) / Total PUFA,sum(AA) / sum(PUFA),Pro-inflammatory eicosanoid substrate pool,"FADS1, FADS2, PLA2G4A","Fads1, Fads2, Pla2g4a","Literature, PubMed, BioPAN"
EPA_Fraction,EPA (20:5) / Total PUFA,sum(EPA) / sum(PUFA),3-series eicosanoid & Resolvin E substrate pool,"FADS1, FADS2","Fads1, Fads2","Literature, PubMed, BioPAN"
DHA_Fraction,DHA (22:6) / Total PUFA,sum(DHA) / sum(PUFA),"Resolvin D, Protectin, & Maresin substrate pool","ELOVL2, ELOVL5, FADS2","Elovl2, Elovl5, Fads2","Literature, PubMed, BioPAN"
(LPC+LPE)/PL_Index,(LPC + LPE) / Phospholipids,(sum(LPC) + sum(LPE)) / (sum(PC) + sum(PE) + sum(PG) + sum(PI) + sum(PS) + sum(PA) + sum(CL)),Global phospholipase A2 mediated hydrolysis,"PLA2G4A, PLA2G6","Pla2g4a, Pla2g6","Literature, PubMed, BioPAN"
LPC/PC,LPC / PC,sum(LPC) / sum(PC),PC-specific phospholipase activation,"PLA2G4A, PLA2G6, LCAT, LPCAT1, LPCAT2, LPCAT3, LPCAT4","Pla2g4a, Pla2g6, Lcat, Lpcat1, Lpcat2, Lpcat3, Lpcat4","Literature, PubMed, BioPAN"
LPG/PG,LPG / PG,sum(LPG) / sum(PG),Lysosomal vesicle activation,"PLA2G4A, PLA2G6, LPGAT1","Pla2g4a, Pla2g6, Lpgat1","Literature, PubMed, BioPAN"
Energy_Load_Index,(TAG+DAG+CE) / (Total - (TAG+DAG+CE)),(sum(TG) + sum(DG) + sum(CE)) / (sum(Total) - (sum(TG) + sum(DG) + sum(CE))),Cytosolic volume homeostasis vs inert storage,"GPAM, LPIN1, LPIN2, LPIN3, DGAT1, DGAT2, SOAT1, SOAT2","Gpam, Lpin1, Lpin2, Lpin3, Dgat1, Dgat2, Soat1, Soat2","Literature, PubMed, BioPAN"
Storage_Index,TAG / (Total - TAG),sum(TG) / (sum(Total) - sum(TG)),Neutral lipid core expansion,"DGAT1, DGAT2","Dgat1, Dgat2","Literature, PubMed, BioPAN"
TG/CE_Index,TAG / CE,sum(TG) / sum(CE),Lipid droplet core fluidity,"DGAT1, DGAT2, SOAT1, SOAT2","Dgat1, Dgat2, Soat1, Soat2","Literature, PubMed, BioPAN"
TG/PL_Index,TAG / Phospholipids,sum(TG) / (sum(PC) + sum(PE) + sum(PG) + sum(PI) + sum(PS) + sum(PA) + sum(CL)),Droplet surface monolayer tension,"DGAT1, DGAT2, PCYT1A, LPCAT3","Dgat1, Dgat2, Pcyt1a, Lpcat3","Literature, PubMed, BioPAN"
TG_Fraction,TAG / Total Lipids,sum(TG) / sum(Total),Energy substrate depletion vs neutral lipid storage,"DGAT1, DGAT2","Dgat1, Dgat2","Literature, PubMed, BioPAN"
TG_DG_Fraction,(TAG + DAG) / Total Lipids,(sum(TG) + sum(DG)) / sum(Total),Total glycerolipid synthesis load,"GPAM, AGPAT1, AGPAT2, AGPAT3, AGPAT4, AGPAT5, LPIN1, LPIN2, LPIN3","Gpam, Agpat1, Agpat2, Agpat3, Agpat4, Agpat5, Lpin1, Lpin2, Lpin3","Literature, PubMed, BioPAN"
DG/TG_Index,DAG / TAG,sum(DG) / sum(TG),Lipolytic Arrest vs. Active Triglyceride Cleavage,"PNPLA2, LIPE","Pnpla2, Lipe","Literature, PubMed, BioPAN"
DG_Fraction,DAG / Total Lipids,sum(DG) / sum(Total),Diacylglycerol lipolytic intermediate pool,"LIPE, MGLL","Lipe, Mgll","Literature, PubMed, BioPAN"
